num_run,Yaw optimization type,Joint/Sequential,AEP,LCOE,Layout
19,None,Sequential,2605.871776876526,-126.73149605311534,"[23, 937, 977, 2639, 2675, 2695, 2715, 2732, 5049, 5089, 5109, 5129, 5149, 5164, 8518, 8534, 8614, 8634, 8670, 12679, 12699, 12719, 12754, 12789, 12809, 12849, 12869, 12889, 12909, 17997, 18046, 18086, 18106, 18141, 18181, 18201, 18221, 18261, 23238, 23258, 23278, 23298, 23333, 23353, 23373, 23393, 23411, 23431, 23461, 27773, 27811, 27831, 27907, 27935, 31315, 31335, 31370, 31410, 33947, 33967, 33987, 34007, 34027, 34040, 35574, 35594, 36154]"
19,geometric_yaw_Stanley,Sequential,2802.079386416711,-117.85748484038119,"[23, 937, 977, 2639, 2675, 2695, 2715, 2732, 5049, 5089, 5109, 5129, 5149, 5164, 8518, 8534, 8614, 8634, 8670, 12679, 12699, 12719, 12754, 12789, 12809, 12849, 12869, 12889, 12909, 17997, 18046, 18086, 18106, 18141, 18181, 18201, 18221, 18261, 23238, 23258, 23278, 23298, 23333, 23353, 23373, 23393, 23411, 23431, 23461, 27773, 27811, 27831, 27907, 27935, 31315, 31335, 31370, 31410, 33947, 33967, 33987, 34007, 34027, 34040, 35574, 35594, 36154]"
19,geometric_yaw_Jong,Sequential,2854.7477071330723,-115.46962790109664,"[23, 937, 977, 2639, 2675, 2695, 2715, 2732, 5049, 5089, 5109, 5129, 5149, 5164, 8518, 8534, 8614, 8634, 8670, 12679, 12699, 12719, 12754, 12789, 12809, 12849, 12869, 12889, 12909, 17997, 18046, 18086, 18106, 18141, 18181, 18201, 18221, 18261, 23238, 23258, 23278, 23298, 23333, 23353, 23373, 23393, 23411, 23431, 23461, 27773, 27811, 27831, 27907, 27935, 31315, 31335, 31370, 31410, 33947, 33967, 33987, 34007, 34027, 34040, 35574, 35594, 36154]"
19,yaw_optimizer_floris,Sequential,2857.888212454947,-115.40922211098204,"[23, 937, 977, 2639, 2675, 2695, 2715, 2732, 5049, 5089, 5109, 5129, 5149, 5164, 8518, 8534, 8614, 8634, 8670, 12679, 12699, 12719, 12754, 12789, 12809, 12849, 12869, 12889, 12909, 17997, 18046, 18086, 18106, 18141, 18181, 18201, 18221, 18261, 23238, 23258, 23278, 23298, 23333, 23353, 23373, 23393, 23411, 23431, 23461, 27773, 27811, 27831, 27907, 27935, 31315, 31335, 31370, 31410, 33947, 33967, 33987, 34007, 34027, 34040, 35574, 35594, 36154]"
19,None,Joint,2629.3867265368663,-125.59811969581028,"[28, 937, 957, 977, 2639, 2695, 2732, 5049, 5069, 5089, 5109, 5129, 5149, 5164, 8518, 8594, 8634, 8670, 12679, 12699, 12719, 12754, 12774, 12789, 12809, 12829, 12849, 12889, 12909, 17997, 18017, 18046, 18181, 18201, 18221, 18241, 18261, 23238, 23258, 23278, 23298, 23318, 23333, 23353, 23373, 23393, 23411, 23431, 23461, 27773, 27811, 27935, 31295, 31315, 31335, 31370, 31390, 31410, 31432, 33987, 34007, 34027, 34040, 34351, 35574, 35594, 36154]"
19,geometric_yaw_Stanley,Joint,2823.9902002799818,-116.9430505719921,"[28, 937, 957, 977, 2639, 2695, 2732, 5049, 5069, 5089, 5109, 5129, 5149, 5164, 8518, 8594, 8634, 8670, 12679, 12699, 12719, 12754, 12774, 12789, 12809, 12829, 12849, 12889, 12909, 17997, 18017, 18046, 18181, 18201, 18221, 18241, 18261, 23238, 23258, 23278, 23298, 23318, 23333, 23353, 23373, 23393, 23411, 23431, 23461, 27773, 27811, 27935, 31295, 31315, 31335, 31370, 31390, 31410, 31432, 33987, 34007, 34027, 34040, 34351, 35574, 35594, 36154]"
19,geometric_yaw_Jong,Joint,2873.3471071660683,-115.2976840862799,"[28, 937, 957, 977, 2639, 2695, 2732, 5049, 5069, 5089, 5109, 5129, 5149, 5164, 8518, 8594, 8634, 8670, 12679, 12699, 12719, 12754, 12774, 12789, 12809, 12829, 12849, 12889, 12909, 17997, 18017, 18046, 18181, 18201, 18221, 18241, 18261, 23238, 23258, 23278, 23298, 23318, 23333, 23353, 23373, 23393, 23411, 23431, 23461, 27773, 27811, 27935, 31295, 31315, 31335, 31370, 31390, 31410, 31432, 33987, 34007, 34027, 34040, 34351, 35574, 35594, 36154]"
19,yaw_optimizer_floris,Joint,2873.454737296493,-115.28596070706752,"[28, 937, 957, 977, 2639, 2695, 2732, 5049, 5069, 5089, 5109, 5129, 5149, 5164, 8518, 8594, 8634, 8670, 12679, 12699, 12719, 12754, 12774, 12789, 12809, 12829, 12849, 12889, 12909, 17997, 18017, 18046, 18181, 18201, 18221, 18241, 18261, 23238, 23258, 23278, 23298, 23318, 23333, 23353, 23373, 23393, 23411, 23431, 23461, 27773, 27811, 27935, 31295, 31315, 31335, 31370, 31390, 31410, 31432, 33987, 34007, 34027, 34040, 34351, 35574, 35594, 36154]"
18,None,Sequential,2637.7452167510796,-125.20012422311102,"[54, 937, 957, 977, 2639, 2675, 2695, 2715, 2732, 4197, 5049, 5069, 5149, 8498, 8534, 8554, 8574, 8594, 8634, 8650, 8670, 12679, 12699, 12719, 12809, 12849, 12869, 12889, 12909, 17997, 18017, 18046, 18066, 18086, 18106, 18126, 18141, 18181, 18201, 18221, 18241, 18261, 22981, 23258, 23333, 23393, 23461, 27773, 27793, 27811, 27867, 27887, 27927, 27935, 31295, 31315, 31335, 31350, 31410, 32040, 33947, 33967, 34007, 34040, 35574, 35594, 36154]"
18,geometric_yaw_Stanley,Sequential,2822.123892048139,-117.02038657363056,"[54, 937, 957, 977, 2639, 2675, 2695, 2715, 2732, 4197, 5049, 5069, 5149, 8498, 8534, 8554, 8574, 8594, 8634, 8650, 8670, 12679, 12699, 12719, 12809, 12849, 12869, 12889, 12909, 17997, 18017, 18046, 18066, 18086, 18106, 18126, 18141, 18181, 18201, 18221, 18241, 18261, 22981, 23258, 23333, 23393, 23461, 27773, 27793, 27811, 27867, 27887, 27927, 27935, 31295, 31315, 31335, 31350, 31410, 32040, 33947, 33967, 34007, 34040, 35574, 35594, 36154]"
18,geometric_yaw_Jong,Sequential,2869.612549129118,-115.12388832304266,"[54, 937, 957, 977, 2639, 2675, 2695, 2715, 2732, 4197, 5049, 5069, 5149, 8498, 8534, 8554, 8574, 8594, 8634, 8650, 8670, 12679, 12699, 12719, 12809, 12849, 12869, 12889, 12909, 17997, 18017, 18046, 18066, 18086, 18106, 18126, 18141, 18181, 18201, 18221, 18241, 18261, 22981, 23258, 23333, 23393, 23461, 27773, 27793, 27811, 27867, 27887, 27927, 27935, 31295, 31315, 31335, 31350, 31410, 32040, 33947, 33967, 34007, 34040, 35574, 35594, 36154]"
18,yaw_optimizer_floris,Sequential,2870.155837145646,-115.00163027419762,"[54, 937, 957, 977, 2639, 2675, 2695, 2715, 2732, 4197, 5049, 5069, 5149, 8498, 8534, 8554, 8574, 8594, 8634, 8650, 8670, 12679, 12699, 12719, 12809, 12849, 12869, 12889, 12909, 17997, 18017, 18046, 18066, 18086, 18106, 18126, 18141, 18181, 18201, 18221, 18241, 18261, 22981, 23258, 23333, 23393, 23461, 27773, 27793, 27811, 27867, 27887, 27927, 27935, 31295, 31315, 31335, 31350, 31410, 32040, 33947, 33967, 34007, 34040, 35574, 35594, 36154]"
18,None,Joint,2626.9401044952206,-125.71509652657672,"[88, 937, 957, 977, 2639, 2659, 2695, 2715, 5049, 5069, 5089, 5149, 5164, 5644, 8498, 8534, 8574, 8594, 8614, 8650, 8670, 12679, 12699, 12719, 12734, 12754, 12774, 12809, 12829, 12869, 12889, 12909, 18017, 18106, 18141, 18161, 18181, 18201, 18221, 18241, 18261, 19694, 23238, 23278, 23298, 23333, 23461, 27773, 27811, 27831, 27867, 27907, 27927, 27935, 31295, 31315, 31335, 31587, 33947, 33967, 33987, 34007, 34027, 34040, 35574, 35594, 36154]"
18,geometric_yaw_Stanley,Joint,2816.6272385577336,-117.24875208380645,"[88, 937, 957, 977, 2639, 2659, 2695, 2715, 5049, 5069, 5089, 5149, 5164, 5644, 8498, 8534, 8574, 8594, 8614, 8650, 8670, 12679, 12699, 12719, 12734, 12754, 12774, 12809, 12829, 12869, 12889, 12909, 18017, 18106, 18141, 18161, 18181, 18201, 18221, 18241, 18261, 19694, 23238, 23278, 23298, 23333, 23461, 27773, 27811, 27831, 27867, 27907, 27927, 27935, 31295, 31315, 31335, 31587, 33947, 33967, 33987, 34007, 34027, 34040, 35574, 35594, 36154]"
18,geometric_yaw_Jong,Joint,2865.8707506761825,-114.99301573116068,"[88, 937, 957, 977, 2639, 2659, 2695, 2715, 5049, 5069, 5089, 5149, 5164, 5644, 8498, 8534, 8574, 8594, 8614, 8650, 8670, 12679, 12699, 12719, 12734, 12754, 12774, 12809, 12829, 12869, 12889, 12909, 18017, 18106, 18141, 18161, 18181, 18201, 18221, 18241, 18261, 19694, 23238, 23278, 23298, 23333, 23461, 27773, 27811, 27831, 27867, 27907, 27927, 27935, 31295, 31315, 31335, 31587, 33947, 33967, 33987, 34007, 34027, 34040, 35574, 35594, 36154]"
18,yaw_optimizer_floris,Joint,2866.513331896885,-114.99059112750528,"[88, 937, 957, 977, 2639, 2659, 2695, 2715, 5049, 5069, 5089, 5149, 5164, 5644, 8498, 8534, 8574, 8594, 8614, 8650, 8670, 12679, 12699, 12719, 12734, 12754, 12774, 12809, 12829, 12869, 12889, 12909, 18017, 18106, 18141, 18161, 18181, 18201, 18221, 18241, 18261, 19694, 23238, 23278, 23298, 23333, 23461, 27773, 27811, 27831, 27867, 27907, 27927, 27935, 31295, 31315, 31335, 31587, 33947, 33967, 33987, 34007, 34027, 34040, 35574, 35594, 36154]"
17,None,Sequential,2617.2173591533365,-126.18211767974284,"[937, 957, 977, 2639, 2675, 2695, 2715, 2732, 3402, 5049, 5109, 5164, 8400, 8498, 8518, 8534, 8554, 8614, 8634, 8650, 8670, 12679, 12699, 12719, 12754, 12789, 12809, 12869, 12889, 12909, 17997, 18017, 18066, 18126, 18181, 18201, 18221, 18241, 18261, 23238, 23258, 23298, 23318, 23353, 23373, 23393, 23411, 23461, 27773, 27811, 27907, 27935, 30121, 31295, 31315, 31335, 31350, 31370, 31390, 31410, 33361, 33947, 33967, 34027, 35594, 35810, 36154]"
17,geometric_yaw_Stanley,Sequential,2803.499712709881,-117.79777515544461,"[937, 957, 977, 2639, 2675, 2695, 2715, 2732, 3402, 5049, 5109, 5164, 8400, 8498, 8518, 8534, 8554, 8614, 8634, 8650, 8670, 12679, 12699, 12719, 12754, 12789, 12809, 12869, 12889, 12909, 17997, 18017, 18066, 18126, 18181, 18201, 18221, 18241, 18261, 23238, 23258, 23298, 23318, 23353, 23373, 23393, 23411, 23461, 27773, 27811, 27907, 27935, 30121, 31295, 31315, 31335, 31350, 31370, 31390, 31410, 33361, 33947, 33967, 34027, 35594, 35810, 36154]"
17,geometric_yaw_Jong,Sequential,2852.375149127179,-115.29978562910264,"[937, 957, 977, 2639, 2675, 2695, 2715, 2732, 3402, 5049, 5109, 5164, 8400, 8498, 8518, 8534, 8554, 8614, 8634, 8650, 8670, 12679, 12699, 12719, 12754, 12789, 12809, 12869, 12889, 12909, 17997, 18017, 18066, 18126, 18181, 18201, 18221, 18241, 18261, 23238, 23258, 23298, 23318, 23353, 23373, 23393, 23411, 23461, 27773, 27811, 27907, 27935, 30121, 31295, 31315, 31335, 31350, 31370, 31390, 31410, 33361, 33947, 33967, 34027, 35594, 35810, 36154]"
17,yaw_optimizer_floris,Sequential,2854.5002788883207,-115.26613038729526,"[937, 957, 977, 2639, 2675, 2695, 2715, 2732, 3402, 5049, 5109, 5164, 8400, 8498, 8518, 8534, 8554, 8614, 8634, 8650, 8670, 12679, 12699, 12719, 12754, 12789, 12809, 12869, 12889, 12909, 17997, 18017, 18066, 18126, 18181, 18201, 18221, 18241, 18261, 23238, 23258, 23298, 23318, 23353, 23373, 23393, 23411, 23461, 27773, 27811, 27907, 27935, 30121, 31295, 31315, 31335, 31350, 31370, 31390, 31410, 33361, 33947, 33967, 34027, 35594, 35810, 36154]"
17,None,Joint,2628.5059645461847,-125.64020521945808,"[83, 937, 957, 2639, 2659, 2675, 2715, 2732, 5049, 5069, 5109, 5129, 5149, 5164, 8498, 8534, 8594, 8614, 8634, 8650, 8670, 12679, 12699, 12719, 12734, 12754, 12774, 12809, 12849, 12889, 12909, 18017, 18086, 18141, 18161, 18221, 18241, 18261, 20778, 23238, 23258, 23278, 23318, 23333, 23431, 23461, 27773, 27793, 27851, 27867, 27887, 27907, 27927, 27935, 31295, 31315, 31350, 31390, 33947, 33967, 33987, 34007, 34027, 34040, 35574, 35594, 36154]"
17,geometric_yaw_Stanley,Joint,2821.550996100874,-117.0441467343748,"[83, 937, 957, 2639, 2659, 2675, 2715, 2732, 5049, 5069, 5109, 5129, 5149, 5164, 8498, 8534, 8594, 8614, 8634, 8650, 8670, 12679, 12699, 12719, 12734, 12754, 12774, 12809, 12849, 12889, 12909, 18017, 18086, 18141, 18161, 18221, 18241, 18261, 20778, 23238, 23258, 23278, 23318, 23333, 23431, 23461, 27773, 27793, 27851, 27867, 27887, 27907, 27927, 27935, 31295, 31315, 31350, 31390, 33947, 33967, 33987, 34007, 34027, 34040, 35574, 35594, 36154]"
17,geometric_yaw_Jong,Joint,2871.784483714654,-115.19602210792428,"[83, 937, 957, 2639, 2659, 2675, 2715, 2732, 5049, 5069, 5109, 5129, 5149, 5164, 8498, 8534, 8594, 8614, 8634, 8650, 8670, 12679, 12699, 12719, 12734, 12754, 12774, 12809, 12849, 12889, 12909, 18017, 18086, 18141, 18161, 18221, 18241, 18261, 20778, 23238, 23258, 23278, 23318, 23333, 23431, 23461, 27773, 27793, 27851, 27867, 27887, 27907, 27927, 27935, 31295, 31315, 31350, 31390, 33947, 33967, 33987, 34007, 34027, 34040, 35574, 35594, 36154]"
17,yaw_optimizer_floris,Joint,2873.6593396222147,-115.14395062397372,"[83, 937, 957, 2639, 2659, 2675, 2715, 2732, 5049, 5069, 5109, 5129, 5149, 5164, 8498, 8534, 8594, 8614, 8634, 8650, 8670, 12679, 12699, 12719, 12734, 12754, 12774, 12809, 12849, 12889, 12909, 18017, 18086, 18141, 18161, 18221, 18241, 18261, 20778, 23238, 23258, 23278, 23318, 23333, 23431, 23461, 27773, 27793, 27851, 27867, 27887, 27907, 27927, 27935, 31295, 31315, 31350, 31390, 33947, 33967, 33987, 34007, 34027, 34040, 35574, 35594, 36154]"
16,None,Sequential,2631.9683118870826,-125.4749258623751,"[95, 937, 957, 977, 2639, 2675, 2715, 2732, 3618, 4066, 5049, 5089, 5149, 8498, 8534, 8594, 8614, 8634, 8650, 8670, 12679, 12699, 12719, 12734, 12774, 12829, 12849, 12869, 12889, 12909, 17997, 18017, 18046, 18066, 18126, 18181, 18221, 18241, 18261, 23238, 23258, 23278, 23318, 23333, 23373, 23393, 23431, 23461, 27773, 27851, 27887, 27927, 27935, 31029, 31295, 31315, 31370, 31390, 31410, 31588, 33947, 33967, 34007, 34040, 35574, 35594, 36154]"
16,geometric_yaw_Stanley,Sequential,2815.0759633753355,-117.31336315705674,"[95, 937, 957, 977, 2639, 2675, 2715, 2732, 3618, 4066, 5049, 5089, 5149, 8498, 8534, 8594, 8614, 8634, 8650, 8670, 12679, 12699, 12719, 12734, 12774, 12829, 12849, 12869, 12889, 12909, 17997, 18017, 18046, 18066, 18126, 18181, 18221, 18241, 18261, 23238, 23258, 23278, 23318, 23333, 23373, 23393, 23431, 23461, 27773, 27851, 27887, 27927, 27935, 31029, 31295, 31315, 31370, 31390, 31410, 31588, 33947, 33967, 34007, 34040, 35574, 35594, 36154]"
16,geometric_yaw_Jong,Sequential,2859.789901706517,-115.8504482955268,"[95, 937, 957, 977, 2639, 2675, 2715, 2732, 3618, 4066, 5049, 5089, 5149, 8498, 8534, 8594, 8614, 8634, 8650, 8670, 12679, 12699, 12719, 12734, 12774, 12829, 12849, 12869, 12889, 12909, 17997, 18017, 18046, 18066, 18126, 18181, 18221, 18241, 18261, 23238, 23258, 23278, 23318, 23333, 23373, 23393, 23431, 23461, 27773, 27851, 27887, 27927, 27935, 31029, 31295, 31315, 31370, 31390, 31410, 31588, 33947, 33967, 34007, 34040, 35574, 35594, 36154]"
16,yaw_optimizer_floris,Sequential,2863.224031711884,-115.6914671449534,"[95, 937, 957, 977, 2639, 2675, 2715, 2732, 3618, 4066, 5049, 5089, 5149, 8498, 8534, 8594, 8614, 8634, 8650, 8670, 12679, 12699, 12719, 12734, 12774, 12829, 12849, 12869, 12889, 12909, 17997, 18017, 18046, 18066, 18126, 18181, 18221, 18241, 18261, 23238, 23258, 23278, 23318, 23333, 23373, 23393, 23431, 23461, 27773, 27851, 27887, 27927, 27935, 31029, 31295, 31315, 31370, 31390, 31410, 31588, 33947, 33967, 34007, 34040, 35574, 35594, 36154]"
16,None,Joint,2634.178303755788,-125.36965638783462,"[38, 298, 937, 977, 1842, 2639, 2659, 2675, 2732, 3589, 5049, 5069, 5089, 5129, 5149, 8498, 8534, 8594, 8614, 8634, 8650, 8670, 12679, 12699, 12719, 12734, 12774, 12789, 12829, 12849, 12869, 12889, 12909, 17997, 18017, 18046, 18141, 18181, 18201, 18221, 18241, 18261, 23238, 23258, 23298, 23333, 23461, 27773, 27793, 27811, 27831, 27851, 27867, 27887, 27907, 27927, 27935, 31410, 33124, 33947, 33987, 34007, 34027, 34040, 35574, 35594, 36154]"
16,geometric_yaw_Stanley,Joint,2823.2551124236634,-116.97349890660352,"[38, 298, 937, 977, 1842, 2639, 2659, 2675, 2732, 3589, 5049, 5069, 5089, 5129, 5149, 8498, 8534, 8594, 8614, 8634, 8650, 8670, 12679, 12699, 12719, 12734, 12774, 12789, 12829, 12849, 12869, 12889, 12909, 17997, 18017, 18046, 18141, 18181, 18201, 18221, 18241, 18261, 23238, 23258, 23298, 23333, 23461, 27773, 27793, 27811, 27831, 27851, 27867, 27887, 27907, 27927, 27935, 31410, 33124, 33947, 33987, 34007, 34027, 34040, 35574, 35594, 36154]"
16,geometric_yaw_Jong,Joint,2870.6361010298565,-115.05649884775757,"[38, 298, 937, 977, 1842, 2639, 2659, 2675, 2732, 3589, 5049, 5069, 5089, 5129, 5149, 8498, 8534, 8594, 8614, 8634, 8650, 8670, 12679, 12699, 12719, 12734, 12774, 12789, 12829, 12849, 12869, 12889, 12909, 17997, 18017, 18046, 18141, 18181, 18201, 18221, 18241, 18261, 23238, 23258, 23298, 23333, 23461, 27773, 27793, 27811, 27831, 27851, 27867, 27887, 27907, 27927, 27935, 31410, 33124, 33947, 33987, 34007, 34027, 34040, 35574, 35594, 36154]"
16,yaw_optimizer_floris,Joint,2872.266571562857,-114.98381550545676,"[38, 298, 937, 977, 1842, 2639, 2659, 2675, 2732, 3589, 5049, 5069, 5089, 5129, 5149, 8498, 8534, 8594, 8614, 8634, 8650, 8670, 12679, 12699, 12719, 12734, 12774, 12789, 12829, 12849, 12869, 12889, 12909, 17997, 18017, 18046, 18141, 18181, 18201, 18221, 18241, 18261, 23238, 23258, 23298, 23333, 23461, 27773, 27793, 27811, 27831, 27851, 27867, 27887, 27907, 27927, 27935, 31410, 33124, 33947, 33987, 34007, 34027, 34040, 35574, 35594, 36154]"
15,None,Sequential,2641.3803988022514,-125.02781839219526,"[88, 937, 957, 977, 2639, 2675, 2695, 2715, 2732, 5049, 5069, 5089, 5109, 5149, 5164, 6625, 8498, 8518, 8594, 8650, 8670, 12679, 12699, 12719, 12754, 12774, 12789, 12829, 12869, 12889, 12909, 18106, 18141, 18161, 18181, 18201, 18221, 18241, 18261, 20247, 23238, 23258, 23278, 23298, 23461, 27773, 27811, 27831, 27851, 27867, 27887, 27907, 27927, 27935, 31276, 31295, 31335, 33000, 33947, 33987, 34007, 34027, 34040, 34819, 35574, 35594, 36154]"
15,geometric_yaw_Stanley,Sequential,2821.6764688927447,-117.03894207819799,"[88, 937, 957, 977, 2639, 2675, 2695, 2715, 2732, 5049, 5069, 5089, 5109, 5149, 5164, 6625, 8498, 8518, 8594, 8650, 8670, 12679, 12699, 12719, 12754, 12774, 12789, 12829, 12869, 12889, 12909, 18106, 18141, 18161, 18181, 18201, 18221, 18241, 18261, 20247, 23238, 23258, 23278, 23298, 23461, 27773, 27811, 27831, 27851, 27867, 27887, 27907, 27927, 27935, 31276, 31295, 31335, 33000, 33947, 33987, 34007, 34027, 34040, 34819, 35574, 35594, 36154]"
15,geometric_yaw_Jong,Sequential,2866.873681471729,-115.6246301614728,"[88, 937, 957, 977, 2639, 2675, 2695, 2715, 2732, 5049, 5069, 5089, 5109, 5149, 5164, 6625, 8498, 8518, 8594, 8650, 8670, 12679, 12699, 12719, 12754, 12774, 12789, 12829, 12869, 12889, 12909, 18106, 18141, 18161, 18181, 18201, 18221, 18241, 18261, 20247, 23238, 23258, 23278, 23298, 23461, 27773, 27811, 27831, 27851, 27867, 27887, 27907, 27927, 27935, 31276, 31295, 31335, 33000, 33947, 33987, 34007, 34027, 34040, 34819, 35574, 35594, 36154]"
15,yaw_optimizer_floris,Sequential,2867.4952590580733,-115.47835702122762,"[88, 937, 957, 977, 2639, 2675, 2695, 2715, 2732, 5049, 5069, 5089, 5109, 5149, 5164, 6625, 8498, 8518, 8594, 8650, 8670, 12679, 12699, 12719, 12754, 12774, 12789, 12829, 12869, 12889, 12909, 18106, 18141, 18161, 18181, 18201, 18221, 18241, 18261, 20247, 23238, 23258, 23278, 23298, 23461, 27773, 27811, 27831, 27851, 27867, 27887, 27907, 27927, 27935, 31276, 31295, 31335, 33000, 33947, 33987, 34007, 34027, 34040, 34819, 35574, 35594, 36154]"
15,None,Joint,2624.697035298261,-125.8225327970564,"[117, 920, 937, 957, 2639, 2675, 2695, 2732, 5049, 5069, 5089, 5109, 5129, 5164, 8498, 8518, 8534, 8594, 8614, 8634, 8650, 8670, 12679, 12699, 12734, 12789, 12829, 12849, 12889, 12909, 17997, 18017, 18046, 18066, 18086, 18126, 18201, 18221, 18241, 18261, 23237, 23258, 23278, 23333, 23393, 23411, 23431, 23461, 27773, 27811, 27851, 27887, 27927, 27935, 31285, 31295, 31315, 31335, 31390, 33947, 33967, 33987, 34007, 34027, 34040, 35734, 36154]"
15,geometric_yaw_Stanley,Joint,2815.9295131025224,-117.27780374811128,"[117, 920, 937, 957, 2639, 2675, 2695, 2732, 5049, 5069, 5089, 5109, 5129, 5164, 8498, 8518, 8534, 8594, 8614, 8634, 8650, 8670, 12679, 12699, 12734, 12789, 12829, 12849, 12889, 12909, 17997, 18017, 18046, 18066, 18086, 18126, 18201, 18221, 18241, 18261, 23237, 23258, 23278, 23333, 23393, 23411, 23431, 23461, 27773, 27811, 27851, 27887, 27927, 27935, 31285, 31295, 31315, 31335, 31390, 33947, 33967, 33987, 34007, 34027, 34040, 35734, 36154]"
15,geometric_yaw_Jong,Joint,2864.6232322425303,-115.12221658735582,"[117, 920, 937, 957, 2639, 2675, 2695, 2732, 5049, 5069, 5089, 5109, 5129, 5164, 8498, 8518, 8534, 8594, 8614, 8634, 8650, 8670, 12679, 12699, 12734, 12789, 12829, 12849, 12889, 12909, 17997, 18017, 18046, 18066, 18086, 18126, 18201, 18221, 18241, 18261, 23237, 23258, 23278, 23333, 23393, 23411, 23431, 23461, 27773, 27811, 27851, 27887, 27927, 27935, 31285, 31295, 31315, 31335, 31390, 33947, 33967, 33987, 34007, 34027, 34040, 35734, 36154]"
15,yaw_optimizer_floris,Joint,2865.314466173644,-115.08733135753864,"[117, 920, 937, 957, 2639, 2675, 2695, 2732, 5049, 5069, 5089, 5109, 5129, 5164, 8498, 8518, 8534, 8594, 8614, 8634, 8650, 8670, 12679, 12699, 12734, 12789, 12829, 12849, 12889, 12909, 17997, 18017, 18046, 18066, 18086, 18126, 18201, 18221, 18241, 18261, 23237, 23258, 23278, 23333, 23393, 23411, 23431, 23461, 27773, 27811, 27851, 27887, 27927, 27935, 31285, 31295, 31315, 31335, 31390, 33947, 33967, 33987, 34007, 34027, 34040, 35734, 36154]"
14,None,Sequential,2626.5773753574663,-125.73245772407786,"[45, 937, 957, 977, 1933, 2639, 2659, 2675, 2695, 2732, 5049, 5069, 5109, 5149, 5164, 6970, 8498, 8574, 8650, 8670, 12679, 12719, 12734, 12754, 12774, 12789, 12809, 12829, 12849, 12909, 17997, 18017, 18046, 18161, 18181, 18201, 18221, 18241, 18261, 23238, 23258, 23278, 23298, 23318, 23333, 23373, 23431, 23461, 27773, 27811, 27851, 27867, 27927, 27935, 31295, 31315, 31390, 31410, 31492, 33947, 33967, 33987, 34027, 34040, 35574, 35594, 36154]"
14,geometric_yaw_Stanley,Sequential,2811.717471301947,-117.45348961154117,"[45, 937, 957, 977, 1933, 2639, 2659, 2675, 2695, 2732, 5049, 5069, 5109, 5149, 5164, 6970, 8498, 8574, 8650, 8670, 12679, 12719, 12734, 12754, 12774, 12789, 12809, 12829, 12849, 12909, 17997, 18017, 18046, 18161, 18181, 18201, 18221, 18241, 18261, 23238, 23258, 23278, 23298, 23318, 23333, 23373, 23431, 23461, 27773, 27811, 27851, 27867, 27927, 27935, 31295, 31315, 31390, 31410, 31492, 33947, 33967, 33987, 34027, 34040, 35574, 35594, 36154]"
14,geometric_yaw_Jong,Sequential,2858.637475225204,-115.3780479738638,"[45, 937, 957, 977, 1933, 2639, 2659, 2675, 2695, 2732, 5049, 5069, 5109, 5149, 5164, 6970, 8498, 8574, 8650, 8670, 12679, 12719, 12734, 12754, 12774, 12789, 12809, 12829, 12849, 12909, 17997, 18017, 18046, 18161, 18181, 18201, 18221, 18241, 18261, 23238, 23258, 23278, 23298, 23318, 23333, 23373, 23431, 23461, 27773, 27811, 27851, 27867, 27927, 27935, 31295, 31315, 31390, 31410, 31492, 33947, 33967, 33987, 34027, 34040, 35574, 35594, 36154]"
14,yaw_optimizer_floris,Sequential,2859.323080221536,-115.33945476370572,"[45, 937, 957, 977, 1933, 2639, 2659, 2675, 2695, 2732, 5049, 5069, 5109, 5149, 5164, 6970, 8498, 8574, 8650, 8670, 12679, 12719, 12734, 12754, 12774, 12789, 12809, 12829, 12849, 12909, 17997, 18017, 18046, 18161, 18181, 18201, 18221, 18241, 18261, 23238, 23258, 23278, 23298, 23318, 23333, 23373, 23431, 23461, 27773, 27811, 27851, 27867, 27927, 27935, 31295, 31315, 31390, 31410, 31492, 33947, 33967, 33987, 34027, 34040, 35574, 35594, 36154]"
14,None,Joint,2615.784080490143,-126.25125723078447,"[81, 937, 957, 977, 2639, 2659, 2695, 2715, 2732, 5049, 5069, 5089, 5109, 5129, 5164, 8498, 8518, 8594, 8634, 8670, 12679, 12699, 12719, 12734, 12754, 12774, 12789, 12829, 12849, 12889, 12909, 17997, 18017, 18046, 18126, 18141, 18181, 18201, 18221, 18241, 18261, 23238, 23258, 23298, 23318, 23431, 23461, 27773, 27811, 27831, 27851, 27867, 27887, 27907, 27935, 31295, 31315, 31350, 31390, 31410, 33947, 33967, 33987, 34027, 34040, 35594, 36154]"
14,geometric_yaw_Stanley,Joint,2814.1728122564664,-117.35101247792723,"[81, 937, 957, 977, 2639, 2659, 2695, 2715, 2732, 5049, 5069, 5089, 5109, 5129, 5164, 8498, 8518, 8594, 8634, 8670, 12679, 12699, 12719, 12734, 12754, 12774, 12789, 12829, 12849, 12889, 12909, 17997, 18017, 18046, 18126, 18141, 18181, 18201, 18221, 18241, 18261, 23238, 23258, 23298, 23318, 23431, 23461, 27773, 27811, 27831, 27851, 27867, 27887, 27907, 27935, 31295, 31315, 31350, 31390, 31410, 33947, 33967, 33987, 34027, 34040, 35594, 36154]"
14,geometric_yaw_Jong,Joint,2865.159543820987,-114.89300724391728,"[81, 937, 957, 977, 2639, 2659, 2695, 2715, 2732, 5049, 5069, 5089, 5109, 5129, 5164, 8498, 8518, 8594, 8634, 8670, 12679, 12699, 12719, 12734, 12754, 12774, 12789, 12829, 12849, 12889, 12909, 17997, 18017, 18046, 18126, 18141, 18181, 18201, 18221, 18241, 18261, 23238, 23258, 23298, 23318, 23431, 23461, 27773, 27811, 27831, 27851, 27867, 27887, 27907, 27935, 31295, 31315, 31350, 31390, 31410, 33947, 33967, 33987, 34027, 34040, 35594, 36154]"
14,yaw_optimizer_floris,Joint,2867.327085678822,-114.8710993567683,"[81, 937, 957, 977, 2639, 2659, 2695, 2715, 2732, 5049, 5069, 5089, 5109, 5129, 5164, 8498, 8518, 8594, 8634, 8670, 12679, 12699, 12719, 12734, 12754, 12774, 12789, 12829, 12849, 12889, 12909, 17997, 18017, 18046, 18126, 18141, 18181, 18201, 18221, 18241, 18261, 23238, 23258, 23298, 23318, 23431, 23461, 27773, 27811, 27831, 27851, 27867, 27887, 27907, 27935, 31295, 31315, 31350, 31390, 31410, 33947, 33967, 33987, 34027, 34040, 35594, 36154]"
13,None,Sequential,2629.1326097139413,-125.61025928702928,"[109, 937, 957, 977, 2639, 2659, 2715, 2732, 5069, 5089, 5129, 5149, 5164, 5647, 8498, 8518, 8554, 8574, 8614, 8650, 8670, 12679, 12719, 12754, 12774, 12789, 12809, 12829, 12849, 12869, 12889, 12909, 18017, 18046, 18161, 18201, 18221, 18241, 18261, 20515, 23238, 23258, 23298, 23353, 23373, 23411, 23461, 27773, 27793, 27831, 27851, 27907, 27935, 31295, 31315, 31335, 31370, 31410, 31893, 33947, 33967, 33987, 34027, 34040, 35574, 35594, 36154]"
13,geometric_yaw_Stanley,Sequential,2814.1680101972897,-117.35121272414716,"[109, 937, 957, 977, 2639, 2659, 2715, 2732, 5069, 5089, 5129, 5149, 5164, 5647, 8498, 8518, 8554, 8574, 8614, 8650, 8670, 12679, 12719, 12754, 12774, 12789, 12809, 12829, 12849, 12869, 12889, 12909, 18017, 18046, 18161, 18201, 18221, 18241, 18261, 20515, 23238, 23258, 23298, 23353, 23373, 23411, 23461, 27773, 27793, 27831, 27851, 27907, 27935, 31295, 31315, 31335, 31370, 31410, 31893, 33947, 33967, 33987, 34027, 34040, 35574, 35594, 36154]"
13,geometric_yaw_Jong,Sequential,2862.2134491471925,-115.23308676725642,"[109, 937, 957, 977, 2639, 2659, 2715, 2732, 5069, 5089, 5129, 5149, 5164, 5647, 8498, 8518, 8554, 8574, 8614, 8650, 8670, 12679, 12719, 12754, 12774, 12789, 12809, 12829, 12849, 12869, 12889, 12909, 18017, 18046, 18161, 18201, 18221, 18241, 18261, 20515, 23238, 23258, 23298, 23353, 23373, 23411, 23461, 27773, 27793, 27831, 27851, 27907, 27935, 31295, 31315, 31335, 31370, 31410, 31893, 33947, 33967, 33987, 34027, 34040, 35574, 35594, 36154]"
13,yaw_optimizer_floris,Sequential,2862.913729366709,-115.226266333021,"[109, 937, 957, 977, 2639, 2659, 2715, 2732, 5069, 5089, 5129, 5149, 5164, 5647, 8498, 8518, 8554, 8574, 8614, 8650, 8670, 12679, 12719, 12754, 12774, 12789, 12809, 12829, 12849, 12869, 12889, 12909, 18017, 18046, 18161, 18201, 18221, 18241, 18261, 20515, 23238, 23258, 23298, 23353, 23373, 23411, 23461, 27773, 27793, 27831, 27851, 27907, 27935, 31295, 31315, 31335, 31370, 31410, 31893, 33947, 33967, 33987, 34027, 34040, 35574, 35594, 36154]"
13,None,Joint,2622.3676523857293,-125.93429777312383,"[136, 937, 957, 977, 2639, 2659, 2695, 2715, 2732, 5049, 5089, 5109, 5149, 5164, 8498, 8518, 8534, 8574, 8594, 8614, 8634, 8670, 12679, 12699, 12719, 12734, 12754, 12789, 12829, 12849, 12869, 12889, 12909, 17997, 18017, 18141, 18181, 18201, 18221, 18241, 18261, 23238, 23258, 23278, 23298, 23333, 23411, 23461, 27773, 27793, 27831, 27867, 27907, 27927, 27935, 31295, 31335, 31410, 33947, 33967, 33987, 34007, 34027, 34040, 35574, 35807, 36154]"
13,geometric_yaw_Stanley,Joint,2817.4976679557753,-117.21252960104876,"[136, 937, 957, 977, 2639, 2659, 2695, 2715, 2732, 5049, 5089, 5109, 5149, 5164, 8498, 8518, 8534, 8574, 8594, 8614, 8634, 8670, 12679, 12699, 12719, 12734, 12754, 12789, 12829, 12849, 12869, 12889, 12909, 17997, 18017, 18141, 18181, 18201, 18221, 18241, 18261, 23238, 23258, 23278, 23298, 23333, 23411, 23461, 27773, 27793, 27831, 27867, 27907, 27927, 27935, 31295, 31335, 31410, 33947, 33967, 33987, 34007, 34027, 34040, 35574, 35807, 36154]"
13,geometric_yaw_Jong,Joint,2867.7117898007127,-115.00160998136371,"[136, 937, 957, 977, 2639, 2659, 2695, 2715, 2732, 5049, 5089, 5109, 5149, 5164, 8498, 8518, 8534, 8574, 8594, 8614, 8634, 8670, 12679, 12699, 12719, 12734, 12754, 12789, 12829, 12849, 12869, 12889, 12909, 17997, 18017, 18141, 18181, 18201, 18221, 18241, 18261, 23238, 23258, 23278, 23298, 23333, 23411, 23461, 27773, 27793, 27831, 27867, 27907, 27927, 27935, 31295, 31335, 31410, 33947, 33967, 33987, 34007, 34027, 34040, 35574, 35807, 36154]"
13,yaw_optimizer_floris,Joint,2870.4886506173216,-114.95968090603294,"[136, 937, 957, 977, 2639, 2659, 2695, 2715, 2732, 5049, 5089, 5109, 5149, 5164, 8498, 8518, 8534, 8574, 8594, 8614, 8634, 8670, 12679, 12699, 12719, 12734, 12754, 12789, 12829, 12849, 12869, 12889, 12909, 17997, 18017, 18141, 18181, 18201, 18221, 18241, 18261, 23238, 23258, 23278, 23298, 23333, 23411, 23461, 27773, 27793, 27831, 27867, 27907, 27927, 27935, 31295, 31335, 31410, 33947, 33967, 33987, 34007, 34027, 34040, 35574, 35807, 36154]"
12,None,Sequential,2635.210242036906,-125.320562108504,"[100, 937, 957, 977, 2639, 2659, 2675, 2695, 2715, 2732, 5049, 5109, 5129, 5164, 7392, 8113, 8534, 8614, 8634, 8650, 8670, 12679, 12699, 12719, 12754, 12789, 12849, 12869, 12889, 12909, 17997, 18086, 18126, 18141, 18181, 18221, 18241, 18261, 23238, 23258, 23278, 23298, 23333, 23353, 23411, 23431, 23461, 27793, 27831, 27887, 27907, 27935, 28923, 31203, 31295, 31335, 31410, 32185, 32998, 33947, 33987, 34007, 34027, 34040, 35574, 35594, 36154]"
12,geometric_yaw_Stanley,Sequential,2816.4282450814394,-117.25703624187408,"[100, 937, 957, 977, 2639, 2659, 2675, 2695, 2715, 2732, 5049, 5109, 5129, 5164, 7392, 8113, 8534, 8614, 8634, 8650, 8670, 12679, 12699, 12719, 12754, 12789, 12849, 12869, 12889, 12909, 17997, 18086, 18126, 18141, 18181, 18221, 18241, 18261, 23238, 23258, 23278, 23298, 23333, 23353, 23411, 23431, 23461, 27793, 27831, 27887, 27907, 27935, 28923, 31203, 31295, 31335, 31410, 32185, 32998, 33947, 33987, 34007, 34027, 34040, 35574, 35594, 36154]"
12,geometric_yaw_Jong,Sequential,2859.884632278604,-115.4761976160314,"[100, 937, 957, 977, 2639, 2659, 2675, 2695, 2715, 2732, 5049, 5109, 5129, 5164, 7392, 8113, 8534, 8614, 8634, 8650, 8670, 12679, 12699, 12719, 12754, 12789, 12849, 12869, 12889, 12909, 17997, 18086, 18126, 18141, 18181, 18221, 18241, 18261, 23238, 23258, 23278, 23298, 23333, 23353, 23411, 23431, 23461, 27793, 27831, 27887, 27907, 27935, 28923, 31203, 31295, 31335, 31410, 32185, 32998, 33947, 33987, 34007, 34027, 34040, 35574, 35594, 36154]"
12,yaw_optimizer_floris,Sequential,2861.773053360272,-115.45887395647824,"[100, 937, 957, 977, 2639, 2659, 2675, 2695, 2715, 2732, 5049, 5109, 5129, 5164, 7392, 8113, 8534, 8614, 8634, 8650, 8670, 12679, 12699, 12719, 12754, 12789, 12849, 12869, 12889, 12909, 17997, 18086, 18126, 18141, 18181, 18221, 18241, 18261, 23238, 23258, 23278, 23298, 23333, 23353, 23411, 23431, 23461, 27793, 27831, 27887, 27907, 27935, 28923, 31203, 31295, 31335, 31410, 32185, 32998, 33947, 33987, 34007, 34027, 34040, 35574, 35594, 36154]"
12,None,Joint,2629.4833318255023,-125.59350531303076,"[114, 172, 957, 977, 2639, 2659, 2675, 2695, 2732, 5049, 5069, 5089, 5109, 5149, 5164, 8498, 8534, 8554, 8594, 8634, 8650, 8670, 12679, 12699, 12719, 12734, 12789, 12829, 12869, 12889, 12909, 17997, 18106, 18161, 18181, 18201, 18221, 18241, 18261, 23238, 23258, 23278, 23298, 23318, 23373, 23461, 27773, 27793, 27831, 27887, 27907, 27927, 27935, 31295, 31315, 31370, 31410, 33947, 33967, 33987, 34007, 34027, 34040, 35574, 35594, 35613, 36154]"
12,geometric_yaw_Stanley,Joint,2821.106149107138,-117.06260287677334,"[114, 172, 957, 977, 2639, 2659, 2675, 2695, 2732, 5049, 5069, 5089, 5109, 5149, 5164, 8498, 8534, 8554, 8594, 8634, 8650, 8670, 12679, 12699, 12719, 12734, 12789, 12829, 12869, 12889, 12909, 17997, 18106, 18161, 18181, 18201, 18221, 18241, 18261, 23238, 23258, 23278, 23298, 23318, 23373, 23461, 27773, 27793, 27831, 27887, 27907, 27927, 27935, 31295, 31315, 31370, 31410, 33947, 33967, 33987, 34007, 34027, 34040, 35574, 35594, 35613, 36154]"
12,geometric_yaw_Jong,Joint,2870.482109462569,-115.25400224399448,"[114, 172, 957, 977, 2639, 2659, 2675, 2695, 2732, 5049, 5069, 5089, 5109, 5149, 5164, 8498, 8534, 8554, 8594, 8634, 8650, 8670, 12679, 12699, 12719, 12734, 12789, 12829, 12869, 12889, 12909, 17997, 18106, 18161, 18181, 18201, 18221, 18241, 18261, 23238, 23258, 23278, 23298, 23318, 23373, 23461, 27773, 27793, 27831, 27887, 27907, 27927, 27935, 31295, 31315, 31370, 31410, 33947, 33967, 33987, 34007, 34027, 34040, 35574, 35594, 35613, 36154]"
12,yaw_optimizer_floris,Joint,2871.192358476019,-115.24210270670989,"[114, 172, 957, 977, 2639, 2659, 2675, 2695, 2732, 5049, 5069, 5089, 5109, 5149, 5164, 8498, 8534, 8554, 8594, 8634, 8650, 8670, 12679, 12699, 12719, 12734, 12789, 12829, 12869, 12889, 12909, 17997, 18106, 18161, 18181, 18201, 18221, 18241, 18261, 23238, 23258, 23278, 23298, 23318, 23373, 23461, 27773, 27793, 27831, 27887, 27907, 27927, 27935, 31295, 31315, 31370, 31410, 33947, 33967, 33987, 34007, 34027, 34040, 35574, 35594, 35613, 36154]"
11,None,Sequential,2624.087277920351,-125.85177009351597,"[135, 853, 937, 957, 2639, 2675, 2695, 2715, 2732, 5049, 5089, 5109, 5129, 5164, 6806, 8108, 8518, 8594, 8614, 8670, 12679, 12699, 12734, 12774, 12809, 12849, 12869, 12889, 12909, 14971, 17997, 18017, 18046, 18086, 18106, 18141, 18181, 18221, 18241, 18261, 23238, 23258, 23298, 23353, 23393, 23431, 23461, 27773, 27793, 27811, 27831, 27867, 27887, 27927, 27935, 31295, 31350, 31390, 31410, 33947, 33987, 34007, 34040, 35106, 35574, 35594, 36154]"
11,geometric_yaw_Stanley,Sequential,2809.811381789349,-117.53316644188561,"[135, 853, 937, 957, 2639, 2675, 2695, 2715, 2732, 5049, 5089, 5109, 5129, 5164, 6806, 8108, 8518, 8594, 8614, 8670, 12679, 12699, 12734, 12774, 12809, 12849, 12869, 12889, 12909, 14971, 17997, 18017, 18046, 18086, 18106, 18141, 18181, 18221, 18241, 18261, 23238, 23258, 23298, 23353, 23393, 23431, 23461, 27773, 27793, 27811, 27831, 27867, 27887, 27927, 27935, 31295, 31350, 31390, 31410, 33947, 33987, 34007, 34040, 35106, 35574, 35594, 36154]"
11,geometric_yaw_Jong,Sequential,2853.9714293248853,-115.12701186677238,"[135, 853, 937, 957, 2639, 2675, 2695, 2715, 2732, 5049, 5089, 5109, 5129, 5164, 6806, 8108, 8518, 8594, 8614, 8670, 12679, 12699, 12734, 12774, 12809, 12849, 12869, 12889, 12909, 14971, 17997, 18017, 18046, 18086, 18106, 18141, 18181, 18221, 18241, 18261, 23238, 23258, 23298, 23353, 23393, 23431, 23461, 27773, 27793, 27811, 27831, 27867, 27887, 27927, 27935, 31295, 31350, 31390, 31410, 33947, 33987, 34007, 34040, 35106, 35574, 35594, 36154]"
11,yaw_optimizer_floris,Sequential,2854.8795740129303,-115.06899515864194,"[135, 853, 937, 957, 2639, 2675, 2695, 2715, 2732, 5049, 5089, 5109, 5129, 5164, 6806, 8108, 8518, 8594, 8614, 8670, 12679, 12699, 12734, 12774, 12809, 12849, 12869, 12889, 12909, 14971, 17997, 18017, 18046, 18086, 18106, 18141, 18181, 18221, 18241, 18261, 23238, 23258, 23298, 23353, 23393, 23431, 23461, 27773, 27793, 27811, 27831, 27867, 27887, 27927, 27935, 31295, 31350, 31390, 31410, 33947, 33987, 34007, 34040, 35106, 35574, 35594, 36154]"
11,None,Joint,2623.5974383299854,-125.8752672880965,"[68, 735, 937, 957, 2639, 2659, 2675, 2695, 2715, 2732, 5049, 5089, 5109, 5129, 5149, 5164, 8498, 8518, 8614, 8670, 12679, 12699, 12719, 12734, 12754, 12774, 12829, 12869, 12889, 12909, 17997, 18017, 18046, 18106, 18161, 18181, 18201, 18221, 18241, 18261, 23238, 23258, 23298, 23333, 23373, 23411, 23461, 27773, 27793, 27811, 27831, 27887, 27927, 27935, 31295, 31335, 31390, 31410, 33947, 33967, 33987, 34007, 34040, 35500, 35574, 35594, 36154]"
11,geometric_yaw_Stanley,Joint,2817.4523838358714,-117.2144135250771,"[68, 735, 937, 957, 2639, 2659, 2675, 2695, 2715, 2732, 5049, 5089, 5109, 5129, 5149, 5164, 8498, 8518, 8614, 8670, 12679, 12699, 12719, 12734, 12754, 12774, 12829, 12869, 12889, 12909, 17997, 18017, 18046, 18106, 18161, 18181, 18201, 18221, 18241, 18261, 23238, 23258, 23298, 23333, 23373, 23411, 23461, 27773, 27793, 27811, 27831, 27887, 27927, 27935, 31295, 31335, 31390, 31410, 33947, 33967, 33987, 34007, 34040, 35500, 35574, 35594, 36154]"
11,geometric_yaw_Jong,Joint,2869.333980384255,-115.10860180051436,"[68, 735, 937, 957, 2639, 2659, 2675, 2695, 2715, 2732, 5049, 5089, 5109, 5129, 5149, 5164, 8498, 8518, 8614, 8670, 12679, 12699, 12719, 12734, 12754, 12774, 12829, 12869, 12889, 12909, 17997, 18017, 18046, 18106, 18161, 18181, 18201, 18221, 18241, 18261, 23238, 23258, 23298, 23333, 23373, 23411, 23461, 27773, 27793, 27811, 27831, 27887, 27927, 27935, 31295, 31335, 31390, 31410, 33947, 33967, 33987, 34007, 34040, 35500, 35574, 35594, 36154]"
11,yaw_optimizer_floris,Joint,2870.505678838518,-115.0898562756412,"[68, 735, 937, 957, 2639, 2659, 2675, 2695, 2715, 2732, 5049, 5089, 5109, 5129, 5149, 5164, 8498, 8518, 8614, 8670, 12679, 12699, 12719, 12734, 12754, 12774, 12829, 12869, 12889, 12909, 17997, 18017, 18046, 18106, 18161, 18181, 18201, 18221, 18241, 18261, 23238, 23258, 23298, 23333, 23373, 23411, 23461, 27773, 27793, 27811, 27831, 27887, 27927, 27935, 31295, 31335, 31390, 31410, 33947, 33967, 33987, 34007, 34040, 35500, 35574, 35594, 36154]"
10,None,Sequential,2623.110575761505,-125.89863037332297,"[134, 937, 957, 977, 2639, 2659, 2675, 2695, 2715, 2732, 4065, 5049, 5069, 5109, 5149, 8498, 8518, 8534, 8574, 8594, 8614, 8634, 8650, 8670, 12679, 12849, 12869, 12889, 15231, 16031, 17997, 18017, 18086, 18126, 18141, 18161, 18182, 18221, 18261, 23238, 23258, 23278, 23298, 23353, 23431, 23461, 27773, 27811, 27831, 27851, 27887, 27927, 27935, 31295, 31315, 31350, 31410, 31590, 33947, 33967, 34007, 34027, 34040, 35336, 35594, 35667, 36154]"
10,geometric_yaw_Stanley,Sequential,2808.132649595145,-117.60342904519291,"[134, 937, 957, 977, 2639, 2659, 2675, 2695, 2715, 2732, 4065, 5049, 5069, 5109, 5149, 8498, 8518, 8534, 8574, 8594, 8614, 8634, 8650, 8670, 12679, 12849, 12869, 12889, 15231, 16031, 17997, 18017, 18086, 18126, 18141, 18161, 18182, 18221, 18261, 23238, 23258, 23278, 23298, 23353, 23431, 23461, 27773, 27811, 27831, 27851, 27887, 27927, 27935, 31295, 31315, 31350, 31410, 31590, 33947, 33967, 34007, 34027, 34040, 35336, 35594, 35667, 36154]"
10,geometric_yaw_Jong,Sequential,2854.5867298613825,-115.40161544555347,"[134, 937, 957, 977, 2639, 2659, 2675, 2695, 2715, 2732, 4065, 5049, 5069, 5109, 5149, 8498, 8518, 8534, 8574, 8594, 8614, 8634, 8650, 8670, 12679, 12849, 12869, 12889, 15231, 16031, 17997, 18017, 18086, 18126, 18141, 18161, 18182, 18221, 18261, 23238, 23258, 23278, 23298, 23353, 23431, 23461, 27773, 27811, 27831, 27851, 27887, 27927, 27935, 31295, 31315, 31350, 31410, 31590, 33947, 33967, 34007, 34027, 34040, 35336, 35594, 35667, 36154]"
10,yaw_optimizer_floris,Sequential,2854.335687840385,-115.36860884658552,"[134, 937, 957, 977, 2639, 2659, 2675, 2695, 2715, 2732, 4065, 5049, 5069, 5109, 5149, 8498, 8518, 8534, 8574, 8594, 8614, 8634, 8650, 8670, 12679, 12849, 12869, 12889, 15231, 16031, 17997, 18017, 18086, 18126, 18141, 18161, 18182, 18221, 18261, 23238, 23258, 23278, 23298, 23353, 23431, 23461, 27773, 27811, 27831, 27851, 27887, 27927, 27935, 31295, 31315, 31350, 31410, 31590, 33947, 33967, 34007, 34027, 34040, 35336, 35594, 35667, 36154]"
10,None,Joint,2623.3946594352933,-125.88499698983155,"[9, 937, 957, 977, 2639, 2675, 2715, 2732, 5049, 5089, 5109, 5129, 5164, 8498, 8534, 8574, 8594, 8650, 8670, 12679, 12699, 12719, 12734, 12789, 12829, 12849, 12869, 12889, 12909, 17997, 18017, 18066, 18086, 18126, 18141, 18161, 18201, 18221, 18241, 18261, 23238, 23258, 23278, 23373, 23411, 23461, 27773, 27793, 27811, 27831, 27927, 27935, 28084, 31295, 31315, 31335, 31370, 31410, 33947, 33967, 33987, 34007, 34027, 34040, 35574, 35594, 36154]"
10,geometric_yaw_Stanley,Joint,2818.2527502994103,-117.18112535189293,"[9, 937, 957, 977, 2639, 2675, 2715, 2732, 5049, 5089, 5109, 5129, 5164, 8498, 8534, 8574, 8594, 8650, 8670, 12679, 12699, 12719, 12734, 12789, 12829, 12849, 12869, 12889, 12909, 17997, 18017, 18066, 18086, 18126, 18141, 18161, 18201, 18221, 18241, 18261, 23238, 23258, 23278, 23373, 23411, 23461, 27773, 27793, 27811, 27831, 27927, 27935, 28084, 31295, 31315, 31335, 31370, 31410, 33947, 33967, 33987, 34007, 34027, 34040, 35574, 35594, 36154]"
10,geometric_yaw_Jong,Joint,2870.11409370193,-115.03148649698409,"[9, 937, 957, 977, 2639, 2675, 2715, 2732, 5049, 5089, 5109, 5129, 5164, 8498, 8534, 8574, 8594, 8650, 8670, 12679, 12699, 12719, 12734, 12789, 12829, 12849, 12869, 12889, 12909, 17997, 18017, 18066, 18086, 18126, 18141, 18161, 18201, 18221, 18241, 18261, 23238, 23258, 23278, 23373, 23411, 23461, 27773, 27793, 27811, 27831, 27927, 27935, 28084, 31295, 31315, 31335, 31370, 31410, 33947, 33967, 33987, 34007, 34027, 34040, 35574, 35594, 36154]"
10,yaw_optimizer_floris,Joint,2871.0663554738094,-115.0171812339531,"[9, 937, 957, 977, 2639, 2675, 2715, 2732, 5049, 5089, 5109, 5129, 5164, 8498, 8534, 8574, 8594, 8650, 8670, 12679, 12699, 12719, 12734, 12789, 12829, 12849, 12869, 12889, 12909, 17997, 18017, 18066, 18086, 18126, 18141, 18161, 18201, 18221, 18241, 18261, 23238, 23258, 23278, 23373, 23411, 23461, 27773, 27793, 27811, 27831, 27927, 27935, 28084, 31295, 31315, 31335, 31370, 31410, 33947, 33967, 33987, 34007, 34027, 34040, 35574, 35594, 36154]"
9,None,Sequential,2641.4559877898305,-125.02424054488107,"[76, 113, 937, 957, 977, 1670, 2639, 2659, 2675, 2695, 2732, 5049, 5069, 5129, 5149, 5164, 8498, 8554, 8594, 8634, 8650, 8670, 12679, 12734, 12774, 12809, 12849, 12869, 12889, 12909, 18017, 18086, 18106, 18141, 18181, 18201, 18221, 18241, 18261, 18555, 23238, 23258, 23298, 23318, 23411, 23461, 27773, 27793, 27811, 27831, 27851, 27867, 27907, 27935, 31295, 31390, 31410, 32613, 33947, 33967, 33987, 34027, 34040, 35574, 35594, 35614, 36154]"
9,geometric_yaw_Stanley,Sequential,2824.739576269062,-116.91202671587288,"[76, 113, 937, 957, 977, 1670, 2639, 2659, 2675, 2695, 2732, 5049, 5069, 5129, 5149, 5164, 8498, 8554, 8594, 8634, 8650, 8670, 12679, 12734, 12774, 12809, 12849, 12869, 12889, 12909, 18017, 18086, 18106, 18141, 18181, 18201, 18221, 18241, 18261, 18555, 23238, 23258, 23298, 23318, 23411, 23461, 27773, 27793, 27811, 27831, 27851, 27867, 27907, 27935, 31295, 31390, 31410, 32613, 33947, 33967, 33987, 34027, 34040, 35574, 35594, 35614, 36154]"
9,geometric_yaw_Jong,Sequential,2869.14007246268,-115.3774473997648,"[76, 113, 937, 957, 977, 1670, 2639, 2659, 2675, 2695, 2732, 5049, 5069, 5129, 5149, 5164, 8498, 8554, 8594, 8634, 8650, 8670, 12679, 12734, 12774, 12809, 12849, 12869, 12889, 12909, 18017, 18086, 18106, 18141, 18181, 18201, 18221, 18241, 18261, 18555, 23238, 23258, 23298, 23318, 23411, 23461, 27773, 27793, 27811, 27831, 27851, 27867, 27907, 27935, 31295, 31390, 31410, 32613, 33947, 33967, 33987, 34027, 34040, 35574, 35594, 35614, 36154]"
9,yaw_optimizer_floris,Sequential,2869.96406012117,-115.35937515906764,"[76, 113, 937, 957, 977, 1670, 2639, 2659, 2675, 2695, 2732, 5049, 5069, 5129, 5149, 5164, 8498, 8554, 8594, 8634, 8650, 8670, 12679, 12734, 12774, 12809, 12849, 12869, 12889, 12909, 18017, 18086, 18106, 18141, 18181, 18201, 18221, 18241, 18261, 18555, 23238, 23258, 23298, 23318, 23411, 23461, 27773, 27793, 27811, 27831, 27851, 27867, 27907, 27935, 31295, 31390, 31410, 32613, 33947, 33967, 33987, 34027, 34040, 35574, 35594, 35614, 36154]"
9,None,Joint,2620.577713280814,-126.02031496051414,"[195, 937, 977, 2639, 2659, 2675, 2695, 2715, 2732, 5069, 5109, 5129, 5149, 5164, 8498, 8554, 8594, 8634, 8650, 8670, 12679, 12719, 12754, 12789, 12829, 12849, 12869, 12889, 12909, 17997, 18017, 18046, 18086, 18141, 18161, 18181, 18201, 18221, 18241, 18261, 23238, 23258, 23298, 23333, 23431, 23461, 27773, 27811, 27851, 27907, 27927, 27935, 31295, 31315, 31335, 31370, 31410, 32186, 33947, 33967, 33987, 34007, 34027, 34040, 35574, 35594, 36154]"
9,geometric_yaw_Stanley,Joint,2818.803549081785,-117.158227970065,"[195, 937, 977, 2639, 2659, 2675, 2695, 2715, 2732, 5069, 5109, 5129, 5149, 5164, 8498, 8554, 8594, 8634, 8650, 8670, 12679, 12719, 12754, 12789, 12829, 12849, 12869, 12889, 12909, 17997, 18017, 18046, 18086, 18141, 18161, 18181, 18201, 18221, 18241, 18261, 23238, 23258, 23298, 23333, 23431, 23461, 27773, 27811, 27851, 27907, 27927, 27935, 31295, 31315, 31335, 31370, 31410, 32186, 33947, 33967, 33987, 34007, 34027, 34040, 35574, 35594, 36154]"
9,geometric_yaw_Jong,Joint,2869.564014245019,-115.06611467553628,"[195, 937, 977, 2639, 2659, 2675, 2695, 2715, 2732, 5069, 5109, 5129, 5149, 5164, 8498, 8554, 8594, 8634, 8650, 8670, 12679, 12719, 12754, 12789, 12829, 12849, 12869, 12889, 12909, 17997, 18017, 18046, 18086, 18141, 18161, 18181, 18201, 18221, 18241, 18261, 23238, 23258, 23298, 23333, 23431, 23461, 27773, 27811, 27851, 27907, 27927, 27935, 31295, 31315, 31335, 31370, 31410, 32186, 33947, 33967, 33987, 34007, 34027, 34040, 35574, 35594, 36154]"
9,yaw_optimizer_floris,Joint,2870.019841357009,-115.0024455224856,"[195, 937, 977, 2639, 2659, 2675, 2695, 2715, 2732, 5069, 5109, 5129, 5149, 5164, 8498, 8554, 8594, 8634, 8650, 8670, 12679, 12719, 12754, 12789, 12829, 12849, 12869, 12889, 12909, 17997, 18017, 18046, 18086, 18141, 18161, 18181, 18201, 18221, 18241, 18261, 23238, 23258, 23298, 23333, 23431, 23461, 27773, 27811, 27851, 27907, 27927, 27935, 31295, 31315, 31335, 31370, 31410, 32186, 33947, 33967, 33987, 34007, 34027, 34040, 35574, 35594, 36154]"
8,None,Sequential,2628.8381331073765,-125.62432986917683,"[85, 937, 957, 977, 2639, 2675, 2695, 2715, 2732, 5049, 5089, 5109, 5149, 5164, 6298, 7920, 8518, 8594, 8634, 8670, 12679, 12699, 12719, 12754, 12774, 12889, 12909, 14519, 17997, 18017, 18066, 18106, 18141, 18161, 18181, 18201, 18221, 18241, 18261, 23238, 23258, 23278, 23298, 23318, 23333, 23373, 23461, 27773, 27793, 27887, 27907, 27927, 27935, 29347, 31295, 31315, 31370, 31410, 33947, 33967, 33987, 34007, 34027, 34040, 35574, 35594, 36154]"
8,geometric_yaw_Stanley,Sequential,2812.1136617726443,-117.43694193284428,"[85, 937, 957, 977, 2639, 2675, 2695, 2715, 2732, 5049, 5089, 5109, 5149, 5164, 6298, 7920, 8518, 8594, 8634, 8670, 12679, 12699, 12719, 12754, 12774, 12889, 12909, 14519, 17997, 18017, 18066, 18106, 18141, 18161, 18181, 18201, 18221, 18241, 18261, 23238, 23258, 23278, 23298, 23318, 23333, 23373, 23461, 27773, 27793, 27887, 27907, 27927, 27935, 29347, 31295, 31315, 31370, 31410, 33947, 33967, 33987, 34007, 34027, 34040, 35574, 35594, 36154]"
8,geometric_yaw_Jong,Sequential,2860.1046923158387,-115.1392559132081,"[85, 937, 957, 977, 2639, 2675, 2695, 2715, 2732, 5049, 5089, 5109, 5149, 5164, 6298, 7920, 8518, 8594, 8634, 8670, 12679, 12699, 12719, 12754, 12774, 12889, 12909, 14519, 17997, 18017, 18066, 18106, 18141, 18161, 18181, 18201, 18221, 18241, 18261, 23238, 23258, 23278, 23298, 23318, 23333, 23373, 23461, 27773, 27793, 27887, 27907, 27927, 27935, 29347, 31295, 31315, 31370, 31410, 33947, 33967, 33987, 34007, 34027, 34040, 35574, 35594, 36154]"
8,yaw_optimizer_floris,Sequential,2859.7447928869383,-115.09833450300104,"[85, 937, 957, 977, 2639, 2675, 2695, 2715, 2732, 5049, 5089, 5109, 5149, 5164, 6298, 7920, 8518, 8594, 8634, 8670, 12679, 12699, 12719, 12754, 12774, 12889, 12909, 14519, 17997, 18017, 18066, 18106, 18141, 18161, 18181, 18201, 18221, 18241, 18261, 23238, 23258, 23278, 23298, 23318, 23333, 23373, 23461, 27773, 27793, 27887, 27907, 27927, 27935, 29347, 31295, 31315, 31370, 31410, 33947, 33967, 33987, 34007, 34027, 34040, 35574, 35594, 36154]"
8,None,Joint,2628.238810342403,-125.65297624652615,"[32, 937, 957, 977, 2639, 2659, 2675, 2695, 2715, 2732, 5049, 5089, 5109, 5149, 5164, 8498, 8518, 8554, 8594, 8634, 8650, 8670, 12679, 12699, 12719, 12734, 12789, 12849, 12889, 12909, 17997, 18017, 18066, 18106, 18126, 18141, 18161, 18181, 18201, 18221, 18241, 18261, 23238, 23258, 23278, 23318, 23431, 23461, 27773, 27831, 27887, 27927, 27935, 31295, 31315, 31350, 31370, 31410, 31424, 33947, 33987, 34007, 34027, 34040, 35574, 35594, 36154]"
8,geometric_yaw_Stanley,Joint,2824.5897392657635,-116.91822858918894,"[32, 937, 957, 977, 2639, 2659, 2675, 2695, 2715, 2732, 5049, 5089, 5109, 5149, 5164, 8498, 8518, 8554, 8594, 8634, 8650, 8670, 12679, 12699, 12719, 12734, 12789, 12849, 12889, 12909, 17997, 18017, 18066, 18106, 18126, 18141, 18161, 18181, 18201, 18221, 18241, 18261, 23238, 23258, 23278, 23318, 23431, 23461, 27773, 27831, 27887, 27927, 27935, 31295, 31315, 31350, 31370, 31410, 31424, 33947, 33987, 34007, 34027, 34040, 35574, 35594, 36154]"
8,geometric_yaw_Jong,Joint,2876.6106598198103,-115.26614574535782,"[32, 937, 957, 977, 2639, 2659, 2675, 2695, 2715, 2732, 5049, 5089, 5109, 5149, 5164, 8498, 8518, 8554, 8594, 8634, 8650, 8670, 12679, 12699, 12719, 12734, 12789, 12849, 12889, 12909, 17997, 18017, 18066, 18106, 18126, 18141, 18161, 18181, 18201, 18221, 18241, 18261, 23238, 23258, 23278, 23318, 23431, 23461, 27773, 27831, 27887, 27927, 27935, 31295, 31315, 31350, 31370, 31410, 31424, 33947, 33987, 34007, 34027, 34040, 35574, 35594, 36154]"
8,yaw_optimizer_floris,Joint,2877.2134267970187,-115.22992959140028,"[32, 937, 957, 977, 2639, 2659, 2675, 2695, 2715, 2732, 5049, 5089, 5109, 5149, 5164, 8498, 8518, 8554, 8594, 8634, 8650, 8670, 12679, 12699, 12719, 12734, 12789, 12849, 12889, 12909, 17997, 18017, 18066, 18106, 18126, 18141, 18161, 18181, 18201, 18221, 18241, 18261, 23238, 23258, 23278, 23318, 23431, 23461, 27773, 27831, 27887, 27927, 27935, 31295, 31315, 31350, 31370, 31410, 31424, 33947, 33987, 34007, 34027, 34040, 35574, 35594, 36154]"
7,None,Sequential,2625.0485438133896,-125.80568446418368,"[41, 608, 937, 977, 2639, 2659, 2675, 2695, 2732, 5049, 5109, 5129, 5164, 8498, 8518, 8534, 8554, 8594, 8634, 8670, 12679, 12719, 12774, 12829, 12849, 12869, 12889, 12909, 17997, 18017, 18046, 18066, 18106, 18126, 18141, 18181, 18241, 18261, 23238, 23258, 23298, 23333, 23373, 23393, 23411, 23431, 23461, 27773, 27793, 27811, 27831, 27867, 27935, 31295, 31335, 31350, 31390, 31410, 32746, 33947, 33987, 34007, 34027, 34040, 35574, 35846, 36154]"
7,geometric_yaw_Stanley,Sequential,2813.156918097981,-117.39339056473132,"[41, 608, 937, 977, 2639, 2659, 2675, 2695, 2732, 5049, 5109, 5129, 5164, 8498, 8518, 8534, 8554, 8594, 8634, 8670, 12679, 12719, 12774, 12829, 12849, 12869, 12889, 12909, 17997, 18017, 18046, 18066, 18106, 18126, 18141, 18181, 18241, 18261, 23238, 23258, 23298, 23333, 23373, 23393, 23411, 23431, 23461, 27773, 27793, 27811, 27831, 27867, 27935, 31295, 31335, 31350, 31390, 31410, 32746, 33947, 33987, 34007, 34027, 34040, 35574, 35846, 36154]"
7,geometric_yaw_Jong,Sequential,2860.0644013951146,-115.48930884290743,"[41, 608, 937, 977, 2639, 2659, 2675, 2695, 2732, 5049, 5109, 5129, 5164, 8498, 8518, 8534, 8554, 8594, 8634, 8670, 12679, 12719, 12774, 12829, 12849, 12869, 12889, 12909, 17997, 18017, 18046, 18066, 18106, 18126, 18141, 18181, 18241, 18261, 23238, 23258, 23298, 23333, 23373, 23393, 23411, 23431, 23461, 27773, 27793, 27811, 27831, 27867, 27935, 31295, 31335, 31350, 31390, 31410, 32746, 33947, 33987, 34007, 34027, 34040, 35574, 35846, 36154]"
7,yaw_optimizer_floris,Sequential,2862.4277418160746,-115.40455826941636,"[41, 608, 937, 977, 2639, 2659, 2675, 2695, 2732, 5049, 5109, 5129, 5164, 8498, 8518, 8534, 8554, 8594, 8634, 8670, 12679, 12719, 12774, 12829, 12849, 12869, 12889, 12909, 17997, 18017, 18046, 18066, 18106, 18126, 18141, 18181, 18241, 18261, 23238, 23258, 23298, 23333, 23373, 23393, 23411, 23431, 23461, 27773, 27793, 27811, 27831, 27867, 27935, 31295, 31335, 31350, 31390, 31410, 32746, 33947, 33987, 34007, 34027, 34040, 35574, 35846, 36154]"
7,None,Joint,2601.186914193231,-126.95974557006387,"[937, 957, 977, 2659, 2675, 2695, 2715, 2732, 5049, 5069, 5089, 5109, 5129, 5149, 8498, 8534, 8594, 8614, 8634, 8650, 12679, 12699, 12719, 12754, 12774, 12829, 12849, 12869, 12889, 12909, 17997, 18017, 18046, 18126, 18161, 18181, 18201, 18241, 18261, 23238, 23258, 23278, 23318, 23333, 23411, 23461, 27773, 27811, 27831, 27867, 27887, 27927, 27935, 31295, 31315, 31335, 31350, 31410, 33947, 33967, 33987, 34007, 34027, 34040, 35574, 35594, 36154]"
7,geometric_yaw_Stanley,Joint,2804.494839293152,-117.75597664832493,"[937, 957, 977, 2659, 2675, 2695, 2715, 2732, 5049, 5069, 5089, 5109, 5129, 5149, 8498, 8534, 8594, 8614, 8634, 8650, 12679, 12699, 12719, 12754, 12774, 12829, 12849, 12869, 12889, 12909, 17997, 18017, 18046, 18126, 18161, 18181, 18201, 18241, 18261, 23238, 23258, 23278, 23318, 23333, 23411, 23461, 27773, 27811, 27831, 27867, 27887, 27927, 27935, 31295, 31315, 31335, 31350, 31410, 33947, 33967, 33987, 34007, 34027, 34040, 35574, 35594, 36154]"
7,geometric_yaw_Jong,Joint,2859.5288556232904,-115.3202761606336,"[937, 957, 977, 2659, 2675, 2695, 2715, 2732, 5049, 5069, 5089, 5109, 5129, 5149, 8498, 8534, 8594, 8614, 8634, 8650, 12679, 12699, 12719, 12754, 12774, 12829, 12849, 12869, 12889, 12909, 17997, 18017, 18046, 18126, 18161, 18181, 18201, 18241, 18261, 23238, 23258, 23278, 23318, 23333, 23411, 23461, 27773, 27811, 27831, 27867, 27887, 27927, 27935, 31295, 31315, 31335, 31350, 31410, 33947, 33967, 33987, 34007, 34027, 34040, 35574, 35594, 36154]"
7,yaw_optimizer_floris,Joint,2861.0030097977306,-115.226839490517,"[937, 957, 977, 2659, 2675, 2695, 2715, 2732, 5049, 5069, 5089, 5109, 5129, 5149, 8498, 8534, 8594, 8614, 8634, 8650, 12679, 12699, 12719, 12754, 12774, 12829, 12849, 12869, 12889, 12909, 17997, 18017, 18046, 18126, 18161, 18181, 18201, 18241, 18261, 23238, 23258, 23278, 23318, 23333, 23411, 23461, 27773, 27811, 27831, 27867, 27887, 27927, 27935, 31295, 31315, 31335, 31350, 31410, 33947, 33967, 33987, 34007, 34027, 34040, 35574, 35594, 36154]"
6,None,Sequential,2629.8623299379374,-125.57540561978607,"[59, 937, 957, 977, 2639, 2659, 2675, 2695, 2715, 5049, 5089, 5129, 5149, 5164, 8498, 8518, 8594, 8634, 8650, 8670, 12679, 12699, 12719, 12734, 12754, 12789, 12809, 12849, 12889, 12909, 18018, 18106, 18139, 18161, 18181, 18201, 18221, 18241, 18261, 21039, 23238, 23258, 23298, 23318, 23461, 26891, 27773, 27793, 27831, 27851, 27867, 27927, 27935, 31295, 31335, 31390, 31410, 31737, 32747, 33947, 33967, 33987, 34027, 34040, 35574, 35594, 36154]"
6,geometric_yaw_Stanley,Sequential,2813.449393746921,-117.38118678805667,"[59, 937, 957, 977, 2639, 2659, 2675, 2695, 2715, 5049, 5089, 5129, 5149, 5164, 8498, 8518, 8594, 8634, 8650, 8670, 12679, 12699, 12719, 12734, 12754, 12789, 12809, 12849, 12889, 12909, 18018, 18106, 18139, 18161, 18181, 18201, 18221, 18241, 18261, 21039, 23238, 23258, 23298, 23318, 23461, 26891, 27773, 27793, 27831, 27851, 27867, 27927, 27935, 31295, 31335, 31390, 31410, 31737, 32747, 33947, 33967, 33987, 34027, 34040, 35574, 35594, 36154]"
6,geometric_yaw_Jong,Sequential,2860.3194733449254,-115.63561363709452,"[59, 937, 957, 977, 2639, 2659, 2675, 2695, 2715, 5049, 5089, 5129, 5149, 5164, 8498, 8518, 8594, 8634, 8650, 8670, 12679, 12699, 12719, 12734, 12754, 12789, 12809, 12849, 12889, 12909, 18018, 18106, 18139, 18161, 18181, 18201, 18221, 18241, 18261, 21039, 23238, 23258, 23298, 23318, 23461, 26891, 27773, 27793, 27831, 27851, 27867, 27927, 27935, 31295, 31335, 31390, 31410, 31737, 32747, 33947, 33967, 33987, 34027, 34040, 35574, 35594, 36154]"
6,yaw_optimizer_floris,Sequential,2862.912110321896,-115.62931699283914,"[59, 937, 957, 977, 2639, 2659, 2675, 2695, 2715, 5049, 5089, 5129, 5149, 5164, 8498, 8518, 8594, 8634, 8650, 8670, 12679, 12699, 12719, 12734, 12754, 12789, 12809, 12849, 12889, 12909, 18018, 18106, 18139, 18161, 18181, 18201, 18221, 18241, 18261, 21039, 23238, 23258, 23298, 23318, 23461, 26891, 27773, 27793, 27831, 27851, 27867, 27927, 27935, 31295, 31335, 31390, 31410, 31737, 32747, 33947, 33967, 33987, 34027, 34040, 35574, 35594, 36154]"
6,None,Joint,2620.054968145025,-126.04545813783567,"[33, 937, 957, 977, 2639, 2659, 2675, 2695, 2732, 5049, 5069, 5089, 5109, 5149, 5164, 8498, 8518, 8594, 8614, 8634, 8650, 8670, 12679, 12699, 12719, 12734, 12754, 12829, 12849, 12889, 12909, 18066, 18106, 18141, 18161, 18201, 18221, 18241, 18261, 18567, 23238, 23258, 23278, 23318, 23333, 23353, 23431, 23461, 27793, 27831, 27867, 27887, 27907, 27927, 27935, 27950, 31295, 31315, 31335, 31350, 31390, 33967, 34040, 34705, 35574, 35594, 36154]"
6,geometric_yaw_Stanley,Joint,2814.6255600328786,-117.33213593153557,"[33, 937, 957, 977, 2639, 2659, 2675, 2695, 2732, 5049, 5069, 5089, 5109, 5149, 5164, 8498, 8518, 8594, 8614, 8634, 8650, 8670, 12679, 12699, 12719, 12734, 12754, 12829, 12849, 12889, 12909, 18066, 18106, 18141, 18161, 18201, 18221, 18241, 18261, 18567, 23238, 23258, 23278, 23318, 23333, 23353, 23431, 23461, 27793, 27831, 27867, 27887, 27907, 27927, 27935, 27950, 31295, 31315, 31335, 31350, 31390, 33967, 34040, 34705, 35574, 35594, 36154]"
6,geometric_yaw_Jong,Joint,2866.2440472950707,-115.00638506113764,"[33, 937, 957, 977, 2639, 2659, 2675, 2695, 2732, 5049, 5069, 5089, 5109, 5149, 5164, 8498, 8518, 8594, 8614, 8634, 8650, 8670, 12679, 12699, 12719, 12734, 12754, 12829, 12849, 12889, 12909, 18066, 18106, 18141, 18161, 18201, 18221, 18241, 18261, 18567, 23238, 23258, 23278, 23318, 23333, 23353, 23431, 23461, 27793, 27831, 27867, 27887, 27907, 27927, 27935, 27950, 31295, 31315, 31335, 31350, 31390, 33967, 34040, 34705, 35574, 35594, 36154]"
6,yaw_optimizer_floris,Joint,2866.531875151052,-115.02298342152818,"[33, 937, 957, 977, 2639, 2659, 2675, 2695, 2732, 5049, 5069, 5089, 5109, 5149, 5164, 8498, 8518, 8594, 8614, 8634, 8650, 8670, 12679, 12699, 12719, 12734, 12754, 12829, 12849, 12889, 12909, 18066, 18106, 18141, 18161, 18201, 18221, 18241, 18261, 18567, 23238, 23258, 23278, 23318, 23333, 23353, 23431, 23461, 27793, 27831, 27867, 27887, 27907, 27927, 27935, 27950, 31295, 31315, 31335, 31350, 31390, 33967, 34040, 34705, 35574, 35594, 36154]"
5,None,Sequential,2635.6216664990607,-125.3009993823671,"[7, 937, 957, 977, 2639, 2659, 2675, 2695, 2715, 2732, 5049, 5129, 5164, 6410, 8366, 8498, 8534, 8634, 8650, 8670, 10782, 12679, 12699, 12719, 12734, 12789, 12809, 12869, 12889, 12909, 15416, 17997, 18017, 18086, 18161, 18181, 18221, 18261, 23238, 23258, 23278, 23298, 23333, 23373, 23411, 23461, 27773, 27811, 27831, 27851, 27887, 27907, 27927, 29107, 31295, 31315, 31335, 31370, 31410, 33947, 33967, 34007, 34027, 34040, 35574, 35594, 36154]"
5,geometric_yaw_Stanley,Sequential,2818.485256546181,-117.17145869013385,"[7, 937, 957, 977, 2639, 2659, 2675, 2695, 2715, 2732, 5049, 5129, 5164, 6410, 8366, 8498, 8534, 8634, 8650, 8670, 10782, 12679, 12699, 12719, 12734, 12789, 12809, 12869, 12889, 12909, 15416, 17997, 18017, 18086, 18161, 18181, 18221, 18261, 23238, 23258, 23278, 23298, 23333, 23373, 23411, 23461, 27773, 27811, 27831, 27851, 27887, 27907, 27927, 29107, 31295, 31315, 31335, 31370, 31410, 33947, 33967, 34007, 34027, 34040, 35574, 35594, 36154]"
5,geometric_yaw_Jong,Sequential,2865.9263798602065,-115.28943233465829,"[7, 937, 957, 977, 2639, 2659, 2675, 2695, 2715, 2732, 5049, 5129, 5164, 6410, 8366, 8498, 8534, 8634, 8650, 8670, 10782, 12679, 12699, 12719, 12734, 12789, 12809, 12869, 12889, 12909, 15416, 17997, 18017, 18086, 18161, 18181, 18221, 18261, 23238, 23258, 23278, 23298, 23333, 23373, 23411, 23461, 27773, 27811, 27831, 27851, 27887, 27907, 27927, 29107, 31295, 31315, 31335, 31370, 31410, 33947, 33967, 34007, 34027, 34040, 35574, 35594, 36154]"
5,yaw_optimizer_floris,Sequential,2866.175935921036,-115.31323385649016,"[7, 937, 957, 977, 2639, 2659, 2675, 2695, 2715, 2732, 5049, 5129, 5164, 6410, 8366, 8498, 8534, 8634, 8650, 8670, 10782, 12679, 12699, 12719, 12734, 12789, 12809, 12869, 12889, 12909, 15416, 17997, 18017, 18086, 18161, 18181, 18221, 18261, 23238, 23258, 23278, 23298, 23333, 23373, 23411, 23461, 27773, 27811, 27831, 27851, 27887, 27907, 27927, 29107, 31295, 31315, 31335, 31370, 31410, 33947, 33967, 34007, 34027, 34040, 35574, 35594, 36154]"
5,None,Joint,2624.9567675655326,-125.81008300278889,"[20, 197, 937, 977, 2639, 2659, 2675, 2695, 2732, 5049, 5069, 5089, 5129, 5149, 8498, 8534, 8554, 8594, 8614, 8634, 8650, 8670, 12679, 12699, 12719, 12789, 12829, 12849, 12869, 12909, 17997, 18017, 18066, 18106, 18161, 18181, 18201, 18221, 18261, 23238, 23258, 23278, 23333, 23373, 23411, 23431, 23461, 27773, 27793, 27831, 27887, 27927, 27935, 31295, 31315, 31335, 31390, 31585, 33947, 33967, 33987, 34007, 34027, 34040, 35574, 35594, 36154]"
5,geometric_yaw_Stanley,Joint,2817.098574998145,-117.22913487554106,"[20, 197, 937, 977, 2639, 2659, 2675, 2695, 2732, 5049, 5069, 5089, 5129, 5149, 8498, 8534, 8554, 8594, 8614, 8634, 8650, 8670, 12679, 12699, 12719, 12789, 12829, 12849, 12869, 12909, 17997, 18017, 18066, 18106, 18161, 18181, 18201, 18221, 18261, 23238, 23258, 23278, 23333, 23373, 23411, 23431, 23461, 27773, 27793, 27831, 27887, 27927, 27935, 31295, 31315, 31335, 31390, 31585, 33947, 33967, 33987, 34007, 34027, 34040, 35574, 35594, 36154]"
5,geometric_yaw_Jong,Joint,2867.6049041524825,-115.47446740269945,"[20, 197, 937, 977, 2639, 2659, 2675, 2695, 2732, 5049, 5069, 5089, 5129, 5149, 8498, 8534, 8554, 8594, 8614, 8634, 8650, 8670, 12679, 12699, 12719, 12789, 12829, 12849, 12869, 12909, 17997, 18017, 18066, 18106, 18161, 18181, 18201, 18221, 18261, 23238, 23258, 23278, 23333, 23373, 23411, 23431, 23461, 27773, 27793, 27831, 27887, 27927, 27935, 31295, 31315, 31335, 31390, 31585, 33947, 33967, 33987, 34007, 34027, 34040, 35574, 35594, 36154]"
5,yaw_optimizer_floris,Joint,2868.7122515859087,-115.42634567313256,"[20, 197, 937, 977, 2639, 2659, 2675, 2695, 2732, 5049, 5069, 5089, 5129, 5149, 8498, 8534, 8554, 8594, 8614, 8634, 8650, 8670, 12679, 12699, 12719, 12789, 12829, 12849, 12869, 12909, 17997, 18017, 18066, 18106, 18161, 18181, 18201, 18221, 18261, 23238, 23258, 23278, 23333, 23373, 23411, 23431, 23461, 27773, 27793, 27831, 27887, 27927, 27935, 31295, 31315, 31335, 31390, 31585, 33947, 33967, 33987, 34007, 34027, 34040, 35574, 35594, 36154]"
4,None,Sequential,2629.5286346435096,-125.5913415260923,"[15, 937, 957, 977, 1588, 2639, 2659, 2675, 2695, 2732, 5089, 5129, 5164, 8498, 8518, 8534, 8594, 8614, 8634, 8650, 8670, 12679, 12699, 12734, 12774, 12789, 12849, 12869, 12889, 12909, 17997, 18017, 18046, 18126, 18141, 18201, 18221, 18241, 18261, 23238, 23258, 23278, 23298, 23318, 23353, 23393, 23431, 23461, 27811, 27861, 27907, 27935, 28158, 31295, 31315, 31335, 31350, 31410, 33947, 33967, 34007, 34027, 34040, 35574, 35594, 35667, 36154]"
4,geometric_yaw_Stanley,Sequential,2815.160668713449,-117.30983331657488,"[15, 937, 957, 977, 1588, 2639, 2659, 2675, 2695, 2732, 5089, 5129, 5164, 8498, 8518, 8534, 8594, 8614, 8634, 8650, 8670, 12679, 12699, 12734, 12774, 12789, 12849, 12869, 12889, 12909, 17997, 18017, 18046, 18126, 18141, 18201, 18221, 18241, 18261, 23238, 23258, 23278, 23298, 23318, 23353, 23393, 23431, 23461, 27811, 27861, 27907, 27935, 28158, 31295, 31315, 31335, 31350, 31410, 33947, 33967, 34007, 34027, 34040, 35574, 35594, 35667, 36154]"
4,geometric_yaw_Jong,Sequential,2860.477333827605,-115.41432696796196,"[15, 937, 957, 977, 1588, 2639, 2659, 2675, 2695, 2732, 5089, 5129, 5164, 8498, 8518, 8534, 8594, 8614, 8634, 8650, 8670, 12679, 12699, 12734, 12774, 12789, 12849, 12869, 12889, 12909, 17997, 18017, 18046, 18126, 18141, 18201, 18221, 18241, 18261, 23238, 23258, 23278, 23298, 23318, 23353, 23393, 23431, 23461, 27811, 27861, 27907, 27935, 28158, 31295, 31315, 31335, 31350, 31410, 33947, 33967, 34007, 34027, 34040, 35574, 35594, 35667, 36154]"
4,yaw_optimizer_floris,Sequential,2861.585078767827,-115.35855358194736,"[15, 937, 957, 977, 1588, 2639, 2659, 2675, 2695, 2732, 5089, 5129, 5164, 8498, 8518, 8534, 8594, 8614, 8634, 8650, 8670, 12679, 12699, 12734, 12774, 12789, 12849, 12869, 12889, 12909, 17997, 18017, 18046, 18126, 18141, 18201, 18221, 18241, 18261, 23238, 23258, 23278, 23298, 23318, 23353, 23393, 23431, 23461, 27811, 27861, 27907, 27935, 28158, 31295, 31315, 31335, 31350, 31410, 33947, 33967, 34007, 34027, 34040, 35574, 35594, 35667, 36154]"
4,None,Joint,2626.5774989950223,-125.73245180563319,"[78, 379, 937, 977, 2639, 2675, 2695, 2715, 2732, 5049, 5069, 5129, 5637, 8498, 8534, 8554, 8574, 8594, 8614, 8650, 8670, 12679, 12699, 12734, 12754, 12829, 12849, 12869, 12889, 12909, 17997, 18017, 18086, 18126, 18161, 18181, 18201, 18221, 18241, 18261, 23238, 23258, 23278, 23333, 23431, 23461, 27793, 27811, 27867, 27887, 27907, 27927, 28334, 31295, 31315, 31335, 31350, 31390, 33947, 33967, 33987, 34007, 34027, 34040, 35574, 35594, 36154]"
4,geometric_yaw_Stanley,Joint,2814.6678417942994,-117.33037337564718,"[78, 379, 937, 977, 2639, 2675, 2695, 2715, 2732, 5049, 5069, 5129, 5637, 8498, 8534, 8554, 8574, 8594, 8614, 8650, 8670, 12679, 12699, 12734, 12754, 12829, 12849, 12869, 12889, 12909, 17997, 18017, 18086, 18126, 18161, 18181, 18201, 18221, 18241, 18261, 23238, 23258, 23278, 23333, 23431, 23461, 27793, 27811, 27867, 27887, 27907, 27927, 28334, 31295, 31315, 31335, 31350, 31390, 33947, 33967, 33987, 34007, 34027, 34040, 35574, 35594, 36154]"
4,geometric_yaw_Jong,Joint,2864.418120326689,-115.0603766351913,"[78, 379, 937, 977, 2639, 2675, 2695, 2715, 2732, 5049, 5069, 5129, 5637, 8498, 8534, 8554, 8574, 8594, 8614, 8650, 8670, 12679, 12699, 12734, 12754, 12829, 12849, 12869, 12889, 12909, 17997, 18017, 18086, 18126, 18161, 18181, 18201, 18221, 18241, 18261, 23238, 23258, 23278, 23333, 23431, 23461, 27793, 27811, 27867, 27887, 27907, 27927, 28334, 31295, 31315, 31335, 31350, 31390, 33947, 33967, 33987, 34007, 34027, 34040, 35574, 35594, 36154]"
4,yaw_optimizer_floris,Joint,2865.933787248978,-115.01772085971278,"[78, 379, 937, 977, 2639, 2675, 2695, 2715, 2732, 5049, 5069, 5129, 5637, 8498, 8534, 8554, 8574, 8594, 8614, 8650, 8670, 12679, 12699, 12734, 12754, 12829, 12849, 12869, 12889, 12909, 17997, 18017, 18086, 18126, 18161, 18181, 18201, 18221, 18241, 18261, 23238, 23258, 23278, 23333, 23431, 23461, 27793, 27811, 27867, 27887, 27907, 27927, 28334, 31295, 31315, 31335, 31350, 31390, 33947, 33967, 33987, 34007, 34027, 34040, 35574, 35594, 36154]"
3,None,Sequential,2627.570376265162,-125.68494141556164,"[76, 937, 957, 977, 2639, 2659, 2695, 2715, 2732, 4742, 5049, 5069, 5089, 5109, 5129, 8518, 8574, 8594, 8634, 8650, 8670, 12679, 12699, 12719, 12734, 12809, 12829, 12869, 12889, 12909, 17997, 18017, 18086, 18106, 18126, 18161, 18181, 18201, 18221, 18241, 18261, 23238, 23258, 23278, 23333, 23411, 23461, 27773, 27811, 27851, 27907, 27935, 30462, 31295, 31315, 31335, 31350, 31370, 31592, 33947, 33967, 34007, 34027, 34040, 35574, 35809, 36154]"
3,geometric_yaw_Stanley,Sequential,2814.3773820310616,-117.34248253793962,"[76, 937, 957, 977, 2639, 2659, 2695, 2715, 2732, 4742, 5049, 5069, 5089, 5109, 5129, 8518, 8574, 8594, 8634, 8650, 8670, 12679, 12699, 12719, 12734, 12809, 12829, 12869, 12889, 12909, 17997, 18017, 18086, 18106, 18126, 18161, 18181, 18201, 18221, 18241, 18261, 23238, 23258, 23278, 23333, 23411, 23461, 27773, 27811, 27851, 27907, 27935, 30462, 31295, 31315, 31335, 31350, 31370, 31592, 33947, 33967, 34007, 34027, 34040, 35574, 35809, 36154]"
3,geometric_yaw_Jong,Sequential,2862.854134633955,-115.41971170734033,"[76, 937, 957, 977, 2639, 2659, 2695, 2715, 2732, 4742, 5049, 5069, 5089, 5109, 5129, 8518, 8574, 8594, 8634, 8650, 8670, 12679, 12699, 12719, 12734, 12809, 12829, 12869, 12889, 12909, 17997, 18017, 18086, 18106, 18126, 18161, 18181, 18201, 18221, 18241, 18261, 23238, 23258, 23278, 23333, 23411, 23461, 27773, 27811, 27851, 27907, 27935, 30462, 31295, 31315, 31335, 31350, 31370, 31592, 33947, 33967, 34007, 34027, 34040, 35574, 35809, 36154]"
3,yaw_optimizer_floris,Sequential,2862.8056542616346,-115.3377107333908,"[76, 937, 957, 977, 2639, 2659, 2695, 2715, 2732, 4742, 5049, 5069, 5089, 5109, 5129, 8518, 8574, 8594, 8634, 8650, 8670, 12679, 12699, 12719, 12734, 12809, 12829, 12869, 12889, 12909, 17997, 18017, 18086, 18106, 18126, 18161, 18181, 18201, 18221, 18241, 18261, 23238, 23258, 23278, 23333, 23411, 23461, 27773, 27811, 27851, 27907, 27935, 30462, 31295, 31315, 31335, 31350, 31370, 31592, 33947, 33967, 34007, 34027, 34040, 35574, 35809, 36154]"
3,None,Joint,2617.3351591064975,-126.17643852646334,"[19, 937, 957, 977, 2639, 2675, 2695, 2715, 2732, 5049, 5069, 5089, 5109, 5129, 5164, 8498, 8534, 8554, 8574, 8614, 8634, 8650, 12679, 12699, 12734, 12789, 12829, 12849, 12869, 12889, 12909, 17997, 18017, 18046, 18086, 18161, 18181, 18201, 18221, 18241, 18261, 23238, 23258, 23278, 23298, 23353, 23373, 23431, 23461, 27773, 27811, 27927, 27935, 31295, 31335, 31370, 31390, 33001, 33947, 33967, 33987, 34007, 34027, 34040, 35574, 35594, 36154]"
3,geometric_yaw_Stanley,Joint,2814.571758901877,-117.33437875998577,"[19, 937, 957, 977, 2639, 2675, 2695, 2715, 2732, 5049, 5069, 5089, 5109, 5129, 5164, 8498, 8534, 8554, 8574, 8614, 8634, 8650, 12679, 12699, 12734, 12789, 12829, 12849, 12869, 12889, 12909, 17997, 18017, 18046, 18086, 18161, 18181, 18201, 18221, 18241, 18261, 23238, 23258, 23278, 23298, 23353, 23373, 23431, 23461, 27773, 27811, 27927, 27935, 31295, 31335, 31370, 31390, 33001, 33947, 33967, 33987, 34007, 34027, 34040, 35574, 35594, 36154]"
3,geometric_yaw_Jong,Joint,2867.929075221906,-115.06661748189244,"[19, 937, 957, 977, 2639, 2675, 2695, 2715, 2732, 5049, 5069, 5089, 5109, 5129, 5164, 8498, 8534, 8554, 8574, 8614, 8634, 8650, 12679, 12699, 12734, 12789, 12829, 12849, 12869, 12889, 12909, 17997, 18017, 18046, 18086, 18161, 18181, 18201, 18221, 18241, 18261, 23238, 23258, 23278, 23298, 23353, 23373, 23431, 23461, 27773, 27811, 27927, 27935, 31295, 31335, 31370, 31390, 33001, 33947, 33967, 33987, 34007, 34027, 34040, 35574, 35594, 36154]"
3,yaw_optimizer_floris,Joint,2870.316015453657,-115.05781163398592,"[19, 937, 957, 977, 2639, 2675, 2695, 2715, 2732, 5049, 5069, 5089, 5109, 5129, 5164, 8498, 8534, 8554, 8574, 8614, 8634, 8650, 12679, 12699, 12734, 12789, 12829, 12849, 12869, 12889, 12909, 17997, 18017, 18046, 18086, 18161, 18181, 18201, 18221, 18241, 18261, 23238, 23258, 23278, 23298, 23353, 23373, 23431, 23461, 27773, 27811, 27927, 27935, 31295, 31335, 31370, 31390, 33001, 33947, 33967, 33987, 34007, 34027, 34040, 35574, 35594, 36154]"
2,None,Sequential,2631.100021639841,-125.5163338869669,"[86, 937, 977, 2639, 2659, 2675, 2695, 2715, 2732, 5049, 5109, 5149, 5164, 7335, 8303, 8518, 8554, 8594, 8614, 8670, 10538, 12679, 12699, 12719, 12754, 12829, 12849, 12869, 12889, 12909, 18017, 18066, 18086, 18106, 18126, 18161, 18201, 18241, 18261, 19696, 23238, 23258, 23298, 23333, 23373, 23411, 23461, 27793, 27851, 27887, 27907, 27927, 27935, 28930, 31280, 31295, 31335, 31410, 32277, 33947, 33967, 33987, 34027, 34040, 35574, 35594, 36154]"
2,geometric_yaw_Stanley,Sequential,2808.09121665411,-117.60516426515733,"[86, 937, 977, 2639, 2659, 2675, 2695, 2715, 2732, 5049, 5109, 5149, 5164, 7335, 8303, 8518, 8554, 8594, 8614, 8670, 10538, 12679, 12699, 12719, 12754, 12829, 12849, 12869, 12889, 12909, 18017, 18066, 18086, 18106, 18126, 18161, 18201, 18241, 18261, 19696, 23238, 23258, 23298, 23333, 23373, 23411, 23461, 27793, 27851, 27887, 27907, 27927, 27935, 28930, 31280, 31295, 31335, 31410, 32277, 33947, 33967, 33987, 34027, 34040, 35574, 35594, 36154]"
2,geometric_yaw_Jong,Sequential,2851.431850319951,-115.4792041598256,"[86, 937, 977, 2639, 2659, 2675, 2695, 2715, 2732, 5049, 5109, 5149, 5164, 7335, 8303, 8518, 8554, 8594, 8614, 8670, 10538, 12679, 12699, 12719, 12754, 12829, 12849, 12869, 12889, 12909, 18017, 18066, 18086, 18106, 18126, 18161, 18201, 18241, 18261, 19696, 23238, 23258, 23298, 23333, 23373, 23411, 23461, 27793, 27851, 27887, 27907, 27927, 27935, 28930, 31280, 31295, 31335, 31410, 32277, 33947, 33967, 33987, 34027, 34040, 35574, 35594, 36154]"
2,yaw_optimizer_floris,Sequential,2852.6157578321204,-115.47260317561091,"[86, 937, 977, 2639, 2659, 2675, 2695, 2715, 2732, 5049, 5109, 5149, 5164, 7335, 8303, 8518, 8554, 8594, 8614, 8670, 10538, 12679, 12699, 12719, 12754, 12829, 12849, 12869, 12889, 12909, 18017, 18066, 18086, 18106, 18126, 18161, 18201, 18241, 18261, 19696, 23238, 23258, 23298, 23333, 23373, 23411, 23461, 27793, 27851, 27887, 27907, 27927, 27935, 28930, 31280, 31295, 31335, 31410, 32277, 33947, 33967, 33987, 34027, 34040, 35574, 35594, 36154]"
2,None,Joint,2628.1809165912973,-125.65574413898234,"[1, 937, 957, 977, 2639, 2659, 2675, 2695, 2732, 5049, 5069, 5089, 5109, 5129, 5149, 5164, 8498, 8518, 8594, 8634, 8650, 8670, 12679, 12699, 12734, 12789, 12809, 12849, 12869, 12889, 12909, 17997, 18017, 18046, 18066, 18106, 18141, 18181, 18201, 18221, 18241, 18261, 23238, 23258, 23278, 23318, 23353, 23411, 23461, 27773, 27831, 27867, 27887, 27927, 27935, 31295, 31315, 31335, 31424, 33947, 33967, 33987, 34027, 34040, 35574, 35594, 36154]"
2,geometric_yaw_Stanley,Joint,2822.932357539977,-116.98687286079449,"[1, 937, 957, 977, 2639, 2659, 2675, 2695, 2732, 5049, 5069, 5089, 5109, 5129, 5149, 5164, 8498, 8518, 8594, 8634, 8650, 8670, 12679, 12699, 12734, 12789, 12809, 12849, 12869, 12889, 12909, 17997, 18017, 18046, 18066, 18106, 18141, 18181, 18201, 18221, 18241, 18261, 23238, 23258, 23278, 23318, 23353, 23411, 23461, 27773, 27831, 27867, 27887, 27927, 27935, 31295, 31315, 31335, 31424, 33947, 33967, 33987, 34027, 34040, 35574, 35594, 36154]"
2,geometric_yaw_Jong,Joint,2874.300447733069,-114.9920246707561,"[1, 937, 957, 977, 2639, 2659, 2675, 2695, 2732, 5049, 5069, 5089, 5109, 5129, 5149, 5164, 8498, 8518, 8594, 8634, 8650, 8670, 12679, 12699, 12734, 12789, 12809, 12849, 12869, 12889, 12909, 17997, 18017, 18046, 18066, 18106, 18141, 18181, 18201, 18221, 18241, 18261, 23238, 23258, 23278, 23318, 23353, 23411, 23461, 27773, 27831, 27867, 27887, 27927, 27935, 31295, 31315, 31335, 31424, 33947, 33967, 33987, 34027, 34040, 35574, 35594, 36154]"
2,yaw_optimizer_floris,Joint,2875.7278278864906,-114.93611108477673,"[1, 937, 957, 977, 2639, 2659, 2675, 2695, 2732, 5049, 5069, 5089, 5109, 5129, 5149, 5164, 8498, 8518, 8594, 8634, 8650, 8670, 12679, 12699, 12734, 12789, 12809, 12849, 12869, 12889, 12909, 17997, 18017, 18046, 18066, 18106, 18141, 18181, 18201, 18221, 18241, 18261, 23238, 23258, 23278, 23318, 23353, 23411, 23461, 27773, 27831, 27867, 27887, 27927, 27935, 31295, 31315, 31335, 31424, 33947, 33967, 33987, 34027, 34040, 35574, 35594, 36154]"
1,None,Sequential,2630.7424548928057,-125.5333938873194,"[78, 915, 937, 957, 2639, 2659, 2675, 2695, 2715, 2732, 5049, 5069, 5089, 5129, 5149, 5164, 7167, 8498, 8534, 8614, 8634, 8670, 12679, 12699, 12719, 12734, 12774, 12789, 12809, 12869, 12909, 16941, 18017, 18151, 18181, 18201, 18221, 18241, 18261, 19133, 23238, 23258, 23278, 23298, 23353, 23411, 23461, 27773, 27793, 27831, 27867, 27887, 27907, 27927, 27935, 31295, 31315, 31370, 31410, 33834, 33967, 34007, 34027, 34040, 35574, 35594, 36154]"
1,geometric_yaw_Stanley,Sequential,2814.57155643078,-117.33438720063819,"[78, 915, 937, 957, 2639, 2659, 2675, 2695, 2715, 2732, 5049, 5069, 5089, 5129, 5149, 5164, 7167, 8498, 8534, 8614, 8634, 8670, 12679, 12699, 12719, 12734, 12774, 12789, 12809, 12869, 12909, 16941, 18017, 18151, 18181, 18201, 18221, 18241, 18261, 19133, 23238, 23258, 23278, 23298, 23353, 23411, 23461, 27773, 27793, 27831, 27867, 27887, 27907, 27927, 27935, 31295, 31315, 31370, 31410, 33834, 33967, 34007, 34027, 34040, 35574, 35594, 36154]"
1,geometric_yaw_Jong,Sequential,2862.8195593112114,-115.57259630275624,"[78, 915, 937, 957, 2639, 2659, 2675, 2695, 2715, 2732, 5049, 5069, 5089, 5129, 5149, 5164, 7167, 8498, 8534, 8614, 8634, 8670, 12679, 12699, 12719, 12734, 12774, 12789, 12809, 12869, 12909, 16941, 18017, 18151, 18181, 18201, 18221, 18241, 18261, 19133, 23238, 23258, 23278, 23298, 23353, 23411, 23461, 27773, 27793, 27831, 27867, 27887, 27907, 27927, 27935, 31295, 31315, 31370, 31410, 33834, 33967, 34007, 34027, 34040, 35574, 35594, 36154]"
1,yaw_optimizer_floris,Sequential,2862.095220220808,-115.52815439820849,"[78, 915, 937, 957, 2639, 2659, 2675, 2695, 2715, 2732, 5049, 5069, 5089, 5129, 5149, 5164, 7167, 8498, 8534, 8614, 8634, 8670, 12679, 12699, 12719, 12734, 12774, 12789, 12809, 12869, 12909, 16941, 18017, 18151, 18181, 18201, 18221, 18241, 18261, 19133, 23238, 23258, 23278, 23298, 23353, 23411, 23461, 27773, 27793, 27831, 27867, 27887, 27907, 27927, 27935, 31295, 31315, 31370, 31410, 33834, 33967, 34007, 34027, 34040, 35574, 35594, 36154]"
1,None,Joint,2633.3390931829467,-125.40961005024998,"[37, 937, 957, 977, 2639, 2675, 2715, 2732, 5049, 5069, 5089, 5109, 5149, 5164, 8498, 8534, 8574, 8614, 8634, 8650, 8670, 12679, 12699, 12734, 12754, 12789, 12829, 12849, 12889, 12909, 17997, 18017, 18046, 18086, 18126, 18201, 18221, 18241, 18261, 23238, 23258, 23278, 23298, 23318, 23333, 23373, 23393, 23411, 23431, 23461, 27773, 27851, 27927, 27935, 31295, 31315, 31335, 31350, 31410, 33947, 34007, 34027, 34040, 34646, 35574, 35594, 36154]"
1,geometric_yaw_Stanley,Joint,2825.088544252403,-116.89758520242925,"[37, 937, 957, 977, 2639, 2675, 2715, 2732, 5049, 5069, 5089, 5109, 5149, 5164, 8498, 8534, 8574, 8614, 8634, 8650, 8670, 12679, 12699, 12734, 12754, 12789, 12829, 12849, 12889, 12909, 17997, 18017, 18046, 18086, 18126, 18201, 18221, 18241, 18261, 23238, 23258, 23278, 23298, 23318, 23333, 23373, 23393, 23411, 23431, 23461, 27773, 27851, 27927, 27935, 31295, 31315, 31335, 31350, 31410, 33947, 34007, 34027, 34040, 34646, 35574, 35594, 36154]"
1,geometric_yaw_Jong,Joint,2873.8306686406954,-114.93027367995909,"[37, 937, 957, 977, 2639, 2675, 2715, 2732, 5049, 5069, 5089, 5109, 5149, 5164, 8498, 8534, 8574, 8614, 8634, 8650, 8670, 12679, 12699, 12734, 12754, 12789, 12829, 12849, 12889, 12909, 17997, 18017, 18046, 18086, 18126, 18201, 18221, 18241, 18261, 23238, 23258, 23278, 23298, 23318, 23333, 23373, 23393, 23411, 23431, 23461, 27773, 27851, 27927, 27935, 31295, 31315, 31335, 31350, 31410, 33947, 34007, 34027, 34040, 34646, 35574, 35594, 36154]"
1,yaw_optimizer_floris,Joint,2873.2568640657787,-114.93588636247269,"[37, 937, 957, 977, 2639, 2675, 2715, 2732, 5049, 5069, 5089, 5109, 5149, 5164, 8498, 8534, 8574, 8614, 8634, 8650, 8670, 12679, 12699, 12734, 12754, 12789, 12829, 12849, 12889, 12909, 17997, 18017, 18046, 18086, 18126, 18201, 18221, 18241, 18261, 23238, 23258, 23278, 23298, 23318, 23333, 23373, 23393, 23411, 23431, 23461, 27773, 27851, 27927, 27935, 31295, 31315, 31335, 31350, 31410, 33947, 34007, 34027, 34040, 34646, 35574, 35594, 36154]"
0,None,Sequential,2627.5388174759755,-125.68645098967094,"[88, 937, 957, 977, 1506, 1588, 2659, 2695, 2732, 4888, 5049, 5089, 5109, 5129, 5149, 8498, 8518, 8554, 8594, 8614, 8634, 8650, 8670, 12679, 12699, 12719, 12849, 12869, 12909, 17997, 18017, 18046, 18066, 18086, 18106, 18141, 18181, 18201, 18221, 18241, 18261, 23238, 23278, 23393, 23411, 23461, 26481, 27058, 27356, 27773, 27831, 27907, 27935, 31295, 31315, 31335, 31350, 31390, 31410, 33947, 33967, 33987, 34027, 34040, 35574, 35594, 36154]"
0,geometric_yaw_Stanley,Sequential,2812.3185306107202,-117.42838700936066,"[88, 937, 957, 977, 1506, 1588, 2659, 2695, 2732, 4888, 5049, 5089, 5109, 5129, 5149, 8498, 8518, 8554, 8594, 8614, 8634, 8650, 8670, 12679, 12699, 12719, 12849, 12869, 12909, 17997, 18017, 18046, 18066, 18086, 18106, 18141, 18181, 18201, 18221, 18241, 18261, 23238, 23278, 23393, 23411, 23461, 26481, 27058, 27356, 27773, 27831, 27907, 27935, 31295, 31315, 31335, 31350, 31390, 31410, 33947, 33967, 33987, 34027, 34040, 35574, 35594, 36154]"
0,geometric_yaw_Jong,Sequential,2856.615060418782,-115.22608299684993,"[88, 937, 957, 977, 1506, 1588, 2659, 2695, 2732, 4888, 5049, 5089, 5109, 5129, 5149, 8498, 8518, 8554, 8594, 8614, 8634, 8650, 8670, 12679, 12699, 12719, 12849, 12869, 12909, 17997, 18017, 18046, 18066, 18086, 18106, 18141, 18181, 18201, 18221, 18241, 18261, 23238, 23278, 23393, 23411, 23461, 26481, 27058, 27356, 27773, 27831, 27907, 27935, 31295, 31315, 31335, 31350, 31390, 31410, 33947, 33967, 33987, 34027, 34040, 35574, 35594, 36154]"
0,yaw_optimizer_floris,Sequential,2858.4475593141096,-115.23462430052136,"[88, 937, 957, 977, 1506, 1588, 2659, 2695, 2732, 4888, 5049, 5089, 5109, 5129, 5149, 8498, 8518, 8554, 8594, 8614, 8634, 8650, 8670, 12679, 12699, 12719, 12849, 12869, 12909, 17997, 18017, 18046, 18066, 18086, 18106, 18141, 18181, 18201, 18221, 18241, 18261, 23238, 23278, 23393, 23411, 23461, 26481, 27058, 27356, 27773, 27831, 27907, 27935, 31295, 31315, 31335, 31350, 31390, 31410, 33947, 33967, 33987, 34027, 34040, 35574, 35594, 36154]"
0,None,Joint,2622.377692919082,-125.9338155971503,"[28, 937, 957, 977, 2639, 2659, 2675, 2732, 5069, 5089, 5109, 5129, 5149, 5164, 8498, 8518, 8534, 8574, 8614, 8634, 8650, 8670, 12679, 12719, 12754, 12789, 12849, 12869, 12889, 12909, 17997, 18017, 18046, 18086, 18161, 18181, 18201, 18221, 18241, 18261, 23238, 23258, 23278, 23298, 23353, 23461, 27773, 27811, 27831, 27851, 27867, 27887, 27907, 27927, 27935, 31295, 31315, 31350, 33947, 33967, 33987, 34007, 34027, 34040, 35574, 35594, 36154]"
0,geometric_yaw_Stanley,Joint,2820.596211953709,-117.08376668966895,"[28, 937, 957, 977, 2639, 2659, 2675, 2732, 5069, 5089, 5109, 5129, 5149, 5164, 8498, 8518, 8534, 8574, 8614, 8634, 8650, 8670, 12679, 12719, 12754, 12789, 12849, 12869, 12889, 12909, 17997, 18017, 18046, 18086, 18161, 18181, 18201, 18221, 18241, 18261, 23238, 23258, 23278, 23298, 23353, 23461, 27773, 27811, 27831, 27851, 27867, 27887, 27907, 27927, 27935, 31295, 31315, 31350, 33947, 33967, 33987, 34007, 34027, 34040, 35574, 35594, 36154]"
0,geometric_yaw_Jong,Joint,2871.349983321648,-115.1408658320964,"[28, 937, 957, 977, 2639, 2659, 2675, 2732, 5069, 5089, 5109, 5129, 5149, 5164, 8498, 8518, 8534, 8574, 8614, 8634, 8650, 8670, 12679, 12719, 12754, 12789, 12849, 12869, 12889, 12909, 17997, 18017, 18046, 18086, 18161, 18181, 18201, 18221, 18241, 18261, 23238, 23258, 23278, 23298, 23353, 23461, 27773, 27811, 27831, 27851, 27867, 27887, 27907, 27927, 27935, 31295, 31315, 31350, 33947, 33967, 33987, 34007, 34027, 34040, 35574, 35594, 36154]"
0,yaw_optimizer_floris,Joint,2872.083882876673,-115.13723526019412,"[28, 937, 957, 977, 2639, 2659, 2675, 2732, 5069, 5089, 5109, 5129, 5149, 5164, 8498, 8518, 8534, 8574, 8614, 8634, 8650, 8670, 12679, 12719, 12754, 12789, 12849, 12869, 12889, 12909, 17997, 18017, 18046, 18086, 18161, 18181, 18201, 18221, 18241, 18261, 23238, 23258, 23278, 23298, 23353, 23461, 27773, 27811, 27831, 27851, 27867, 27887, 27907, 27927, 27935, 31295, 31315, 31350, 33947, 33967, 33987, 34007, 34027, 34040, 35574, 35594, 36154]"
